Rk,Player,Pos,Squad,Age,Club,Born,MP,Starts,Min,90s,Gls,Ast,G+A,G-PK,PK,PKatt,CrdY,CrdR,PlayerID,AstPer90,G+APer90,GlsPer90,G-PKPer90,G+A-PKPer90,SecondPos
1,Brenden Aaronson,MF,us United States,25.0,1.eng Leeds United,2000.0,1.0,1.0,76.0,0.8,0.0,0.0,0.0,0.0,0.0,0.0,0.0,0.0,5bc43860,0.0,0.0,0.0,0.0,0.0,N/A
2,Thelo Aasgaard,MF,no Norway,24.0,1.sct Rangers,2002.0,1.0,1.0,90.0,1.0,1.0,0.0,1.0,1.0,0.0,0.0,0.0,0.0,c88a28b9,0.0,1.0,1.0,1.0,1.0,N/A
3,Hamza Abdelkarim,FW,eg Egypt,18.0,4.es Barcelona B,2008.0,4.0,0.0,60.0,0.7,0.0,0.0,0.0,0.0,0.0,0.0,0.0,0.0,057d8f12,0.0,0.0,0.0,0.0,0.0,N/A
4,Hossam Abdelmaguid,DF,eg Egypt,25.0,1.eg Zamalek SC,2001.0,2.0,0.0,59.0,0.7,0.0,0.0,0.0,0.0,0.0,0.0,0.0,0.0,accbfc94,0.0,0.0,0.0,0.0,0.0,N/A
5,Mohamed Abdelmonem,DF,eg Egypt,27.0,1.fr Nice,1999.0,2.0,1.0,14.0,0.2,0.0,0.0,0.0,0.0,0.0,0.0,0.0,0.0,bff15d74,0.0,0.0,0.0,0.0,0.0,N/A
6,Ali Abdi,DF,tn Tunisia,32.0,1.fr Nice,1993.0,3.0,3.0,269.0,3.0,0.0,0.0,0.0,0.0,0.0,0.0,0.0,0.0,ad7cdb35,0.0,0.0,0.0,0.0,0.0,N/A
7,Saud Abdulhamid,DF,sa Saudi Arabia,26.0,1.fr Lens,1999.0,3.0,3.0,269.0,3.0,0.0,0.0,0.0,0.0,0.0,0.0,1.0,0.0,caa254e4,0.0,0.0,0.0,0.0,0.0,N/A
8,Abdulla Abdullaev,DF,uz Uzbekistan,28.0,1.ae Dibba Al Fujairah,1997.0,2.0,2.0,180.0,2.0,0.0,0.0,0.0,0.0,0.0,0.0,0.0,0.0,03053fbf,0.0,0.0,0.0,0.0,0.0,N/A
9,Yusuf Abdurisag,FW,qa Qatar,26.0,1.qa Al-Wakrah,1999.0,2.0,2.0,98.0,1.1,0.0,0.0,0.0,0.0,0.0,0.0,0.0,0.0,13c8f40b,0.0,0.0,0.0,0.0,0.0,N/A
10,Husam Abu Dahab,DF,jo Jordan,26.0,1.kw Al-Salmiya SC,2000.0,2.0,2.0,178.0,2.0,0.0,0.0,0.0,0.0,0.0,0.0,1.0,0.0,300aaeb6,0.0,0.0,0.0,0.0,0.0,N/A
11,Mohammad Abu Hasheesh,DF,jo Jordan,31.0,1.iq Al-Karma,1995.0,1.0,0.0,6.0,0.1,0.0,0.0,0.0,0.0,0.0,0.0,0.0,0.0,72c2fa7a,0.0,0.0,0.0,0.0,0.0,N/A
12,Mohannad Abu Taha,DF,jo Jordan,23.0,1.iq Al-Quwa Al-Jawiya,2003.0,3.0,3.0,264.0,2.9,0.0,0.0,0.0,0.0,0.0,0.0,1.0,0.0,5c4bac6c,0.0,0.0,0.0,0.0,0.0,N/A
13,Mo Abualnadi,DF,jo Jordan,25.0,1.my Selangor FA,2001.0,1.0,1.0,71.0,0.8,0.0,0.0,0.0,0.0,0.0,0.0,0.0,0.0,4bff62e4,0.0,0.0,0.0,0.0,0.0,N/A
14,Yazeed Abulaila,GK,jo Jordan,33.0,1.jo Al-Hussein SC,1993.0,3.0,3.0,270.0,3.0,0.0,0.0,0.0,0.0,0.0,0.0,0.0,0.0,5d11fc17,0.0,0.0,0.0,0.0,0.0,N/A
15,Mahmoud Abunada,GK,qa Qatar,26.0,1.qa Al Rayyan SC,2000.0,3.0,3.0,270.0,3.0,0.0,0.0,0.0,0.0,0.0,0.0,1.0,0.0,27e7e545,0.0,0.0,0.0,0.0,0.0,N/A
16,Elias Achouri,FW,tn Tunisia,27.0,1.dk FC Copenhagen,1999.0,3.0,0.0,43.0,0.5,0.0,0.0,0.0,0.0,0.0,0.0,0.0,0.0,4dd2a0be,0.0,0.0,0.0,0.0,0.0,MF
17,Ché Adams,FW,sct Scotland,29.0,1.it Torino,1996.0,3.0,2.0,145.0,1.6,0.0,0.0,0.0,0.0,0.0,0.0,0.0,0.0,f2bf1b0f,0.0,0.0,0.0,0.0,0.0,N/A
18,Jayden Adams,MF,za South Africa,25.0,1.za Sundowns,2001.0,3.0,2.0,116.0,1.3,0.0,0.0,0.0,0.0,0.0,0.0,0.0,0.0,259affab,0.0,0.0,0.0,0.0,0.0,N/A
19,Tyler Adams,MF,us United States,27.0,1.eng Bournemouth,1999.0,4.0,4.0,341.0,3.8,0.0,0.0,0.0,0.0,0.0,0.0,1.0,0.0,2b09d998,0.0,0.0,0.0,0.0,0.0,N/A
20,Ricardo Adé,DF,ht Haiti,36.0,1.ec LDU Quito,1990.0,3.0,3.0,270.0,3.0,0.0,0.0,0.0,0.0,0.0,0.0,0.0,0.0,a9ee5e81,0.0,0.0,0.0,0.0,0.0,N/A
21,Ibrahim Adel,MF,eg Egypt,25.0,1.dk Nordsjælland,2001.0,1.0,0.0,3.0,0.0,0.0,0.0,0.0,0.0,0.0,0.0,0.0,0.0,4869216e,0.0,0.0,0.0,0.0,0.0,N/A
22,Simon Adingra,FW,ci Côte d'Ivoire,24.0,1.fr Monaco,2002.0,1.0,0.0,16.0,0.2,0.0,0.0,0.0,0.0,0.0,0.0,0.0,0.0,4dcec659,0.0,0.0,0.0,0.0,0.0,MF
23,Jonas Adjetey,DF,gh Ghana,22.0,1.de Wolfsburg,2003.0,3.0,3.0,225.0,2.5,0.0,0.0,0.0,0.0,0.0,0.0,0.0,0.0,bdbf78cd,0.0,0.0,0.0,0.0,0.0,N/A
24,Michel Aebischer,MF,ch Switzerland,29.0,1.it Pisa,1997.0,4.0,2.0,156.0,1.7,0.0,0.0,0.0,0.0,0.0,0.0,0.0,0.0,f9c927de,0.0,0.0,0.0,0.0,0.0,FW
25,Akram Afif,FW,qa Qatar,29.0,1.qa Al Sadd,1996.0,3.0,3.0,238.0,2.6,0.0,0.0,0.0,0.0,0.0,0.0,0.0,0.0,fd53d9e7,0.0,0.0,0.0,0.0,0.0,MF
26,Emmanuel Agbadou,DF,ci Côte d'Ivoire,28.0,1.tr Beşiktaş,1997.0,3.0,3.0,270.0,3.0,0.0,0.0,0.0,0.0,0.0,0.0,0.0,0.0,75f1ed80,0.0,0.0,0.0,0.0,0.0,N/A
27,Rodrigo Aguirre,FW,uy Uruguay,31.0,1.mx América,1994.0,1.0,0.0,1.0,0.0,0.0,0.0,0.0,0.0,0.0,0.0,0.0,0.0,b5691f5d,0.0,0.0,0.0,0.0,0.0,N/A
28,Ali Ahmed,MF,ca Canada,25.0,2.eng Norwich City,2000.0,4.0,3.0,234.0,2.6,0.0,0.0,0.0,0.0,0.0,0.0,0.0,0.0,540a5be1,0.0,0.0,0.0,0.0,0.0,N/A
29,Homam Ahmed,DF,qa Qatar,26.0,2.es Cultural Leonesa,1999.0,2.0,2.0,122.0,1.4,0.0,1.0,1.0,0.0,0.0,0.0,0.0,1.0,a62fa158,0.74,0.74,0.0,0.0,0.74,N/A
30,Rayan Aït-Nouri,DF,dz Algeria,25.0,1.eng Manchester City,2001.0,4.0,3.0,284.0,3.2,0.0,0.0,0.0,0.0,0.0,0.0,0.0,0.0,9b398aea,0.0,0.0,0.0,0.0,0.0,N/A
31,Kristoffer Ajer,DF,no Norway,28.0,1.eng Brentford,1998.0,5.0,5.0,480.0,5.3,0.0,0.0,0.0,0.0,0.0,0.0,1.0,0.0,a8c0acb7,0.0,0.0,0.0,0.0,0.0,N/A
32,Manuel Akanji,DF,ch Switzerland,30.0,1.it Inter,1995.0,6.0,6.0,600.0,6.7,0.0,0.0,0.0,0.0,0.0,0.0,0.0,0.0,89ac64a6,0.0,0.0,0.0,0.0,0.0,N/A
33,Nathan Aké,DF,nl Netherlands,31.0,1.eng Manchester City,1995.0,3.0,2.0,170.0,1.9,0.0,0.0,0.0,0.0,0.0,0.0,0.0,0.0,eaeca114,0.0,0.0,0.0,0.0,0.0,N/A
34,Yunus Akgün,MF,tr Türkiye,25.0,1.tr Galatasaray,2000.0,2.0,1.0,88.0,1.0,0.0,0.0,0.0,0.0,0.0,0.0,1.0,0.0,1453e3cf,0.0,0.0,0.0,0.0,0.0,N/A
35,Maghnes Akliouche,MF,fr France,24.0,1.fr Monaco,2002.0,1.0,0.0,8.0,0.1,0.0,0.0,0.0,0.0,0.0,0.0,0.0,0.0,b625b241,0.0,0.0,0.0,0.0,0.0,N/A
36,Kerem Aktürkoğlu,FW,tr Türkiye,27.0,1.tr Fenerbahçe,1998.0,2.0,2.0,129.0,1.4,0.0,0.0,0.0,0.0,0.0,0.0,0.0,0.0,f28659fb,0.0,0.0,0.0,0.0,0.0,N/A
37,Ahmed Alaaeldin,FW,qa Qatar,33.0,1.qa Al Rayyan SC,1993.0,2.0,0.0,43.0,0.5,0.0,0.0,0.0,0.0,0.0,0.0,0.0,0.0,74fbbb3c,0.0,0.0,0.0,0.0,0.0,N/A
38,David Alaba,DF,at Austria,33.0,1.es Real Madrid,1992.0,4.0,4.0,275.0,3.1,0.0,1.0,1.0,0.0,0.0,0.0,0.0,0.0,05439de2,0.33,0.33,0.0,0.0,0.33,N/A
39,Kerim Alajbegović,MF,ba Bosnia–Herz,18.0,1.at RB Salzburg,2007.0,4.0,3.0,277.0,3.1,1.0,0.0,1.0,1.0,0.0,0.0,0.0,0.0,f3d9291e,0.0,0.32,0.32,0.32,0.32,N/A
40,Jordy Alcivar,MF,ec Ecuador,26.0,1.ec Independiente,1999.0,1.0,1.0,45.0,0.5,0.0,0.0,0.0,0.0,0.0,0.0,1.0,0.0,6e98c19f,0.0,0.0,0.0,0.0,0.0,N/A
41,Omar Alderete,DF,py Paraguay,29.0,1.eng Sunderland,1996.0,4.0,4.0,320.0,3.6,0.0,0.0,0.0,0.0,0.0,0.0,0.0,0.0,bb08bce9,0.0,0.0,0.0,0.0,0.0,N/A
42,Almoez Ali,FW,qa Qatar,29.0,1.qa Al Duhail SC,1996.0,1.0,0.0,19.0,0.2,0.0,0.0,0.0,0.0,0.0,0.0,0.0,0.0,bae045a9,0.0,0.0,0.0,0.0,0.0,N/A
43,Hussein Ali,DF,iq Iraq,24.0,1.pl Pogoń Szczecin,2002.0,2.0,2.0,162.0,1.8,0.0,0.0,0.0,0.0,0.0,0.0,0.0,0.0,b8a919ad,0.0,0.0,0.0,0.0,0.0,N/A
44,Mohanad Ali,FW,iq Iraq,25.0,1.ae Dibba Al Fujairah,2000.0,1.0,0.0,13.0,0.1,0.0,0.0,0.0,0.0,0.0,0.0,0.0,0.0,f929049b,0.0,0.0,0.0,0.0,0.0,N/A
45,Taha Ali,FW,se Sweden,27.0,1.se Malmö,1998.0,2.0,0.0,37.0,0.4,0.0,0.0,0.0,0.0,0.0,0.0,0.0,0.0,da4b8a4e,0.0,0.0,0.0,0.0,0.0,MF
46,Khojiakbar Alijonov,MF,uz Uzbekistan,29.0,1.uz Pakhtakor Tashkent FK,1997.0,2.0,1.0,135.0,1.5,0.0,0.0,0.0,0.0,0.0,0.0,0.0,0.0,e53cbd7a,0.0,0.0,0.0,0.0,0.0,N/A
47,Ali Alipour,FW,ir IR Iran,30.0,1.ir Persepolis,1995.0,1.0,0.0,38.0,0.4,0.0,0.0,0.0,0.0,0.0,0.0,0.0,0.0,488ee64c,0.0,0.0,0.0,0.0,0.0,N/A
48,Alisson,GK,br Brazil,33.0,1.eng Liverpool,1992.0,5.0,5.0,450.0,5.0,0.0,0.0,0.0,0.0,0.0,0.0,0.0,0.0,7a2e46a8,0.0,0.0,0.0,0.0,0.0,N/A
49,Thiago Almada,MF,ar Argentina,25.0,1.es Atlético Madrid,2001.0,5.0,3.0,241.0,2.7,0.0,0.0,0.0,0.0,0.0,0.0,1.0,0.0,27f33438,0.0,0.0,0.0,0.0,0.0,N/A
50,Miguel Almirón,MF,py Paraguay,32.0,1.us Atlanta Utd,1994.0,4.0,4.0,282.0,3.1,0.0,0.0,0.0,0.0,0.0,0.0,1.0,1.0,862a1c15,0.0,0.0,0.0,0.0,0.0,FW
51,Júnior Alonso,DF,py Paraguay,33.0,1.br Atlético Mineiro,1993.0,5.0,4.0,390.0,4.3,0.0,0.0,0.0,0.0,0.0,0.0,1.0,0.0,b18a3023,0.0,0.0,0.0,0.0,0.0,N/A
52,Barış Alper Yılmaz,MF,tr Türkiye,26.0,1.tr Galatasaray,2000.0,3.0,2.0,179.0,2.0,1.0,1.0,2.0,1.0,0.0,0.0,0.0,0.0,414b2ce4,0.5,1.01,0.5,0.5,1.01,FW
53,Roberto Alvarado,FW,mx Mexico,27.0,1.mx Guadalajara,1998.0,5.0,5.0,428.0,4.8,0.0,3.0,3.0,0.0,0.0,0.0,0.0,0.0,ff871e14,0.63,0.63,0.0,0.0,0.63,MF
54,Edson Álvarez,MF,mx Mexico,28.0,1.eng West Ham,1997.0,4.0,2.0,240.0,2.7,0.0,0.0,0.0,0.0,0.0,0.0,1.0,0.0,8b3ab7ad,0.0,0.0,0.0,0.0,0.0,DF
55,Julián Álvarez,FW,ar Argentina,26.0,1.es Atlético Madrid,2000.0,8.0,5.0,602.0,6.7,1.0,0.0,1.0,1.0,0.0,0.0,0.0,0.0,15ab5a2b,0.0,0.15,0.15,0.15,0.15,N/A
56,Ayoube Amaimouni,MF,ma Morocco,21.0,1.de Frankfurt,2004.0,2.0,0.0,18.0,0.2,0.0,0.0,0.0,0.0,0.0,0.0,0.0,0.0,c5a07a5e,0.0,0.0,0.0,0.0,0.0,N/A
57,Zeki Amdouni,FW,ch Switzerland,25.0,1.eng Burnley,2000.0,4.0,0.0,73.0,0.8,0.0,0.0,0.0,0.0,0.0,0.0,0.0,0.0,2ee5b0c9,0.0,0.0,0.0,0.0,0.0,MF
58,Michael Amir Murillo,DF,pa Panama,30.0,1.tr Beşiktaş,1996.0,3.0,3.0,270.0,3.0,0.0,0.0,0.0,0.0,0.0,0.0,0.0,0.0,349cae8f,0.0,0.0,0.0,0.0,0.0,MF
59,Nadiem Amiri,MF,de Germany,29.0,1.de Mainz 05,1996.0,2.0,0.0,42.0,0.5,0.0,1.0,1.0,0.0,0.0,0.0,0.0,0.0,555d5edd,2.14,2.14,0.0,0.0,2.14,N/A
60,Amir Al Ammari,MF,iq Iraq,28.0,1.pl Cracovia,1997.0,3.0,3.0,247.0,2.7,0.0,1.0,1.0,0.0,0.0,0.0,2.0,0.0,9f65be73,0.36,0.36,0.0,0.0,0.36,N/A
61,Azizbek Amonov,FW,uz Uzbekistan,28.0,1.uz FK Bukhara Nurafshon,1997.0,1.0,0.0,14.0,0.2,0.0,0.0,0.0,0.0,0.0,0.0,0.0,0.0,f487314f,0.0,0.0,0.0,0.0,0.0,N/A
62,Mohamed Amoura,FW,dz Algeria,26.0,1.de Wolfsburg,2000.0,1.0,0.0,27.0,0.3,0.0,0.0,0.0,0.0,0.0,0.0,0.0,0.0,6597f8b6,0.0,0.0,0.0,0.0,0.0,MF
63,Sofyan Amrabat,MF,ma Morocco,29.0,1.es Real Betis,1996.0,3.0,1.0,147.0,1.6,0.0,0.0,0.0,0.0,0.0,0.0,0.0,0.0,5a2cb25d,0.0,0.0,0.0,0.0,0.0,N/A
64,Abdulelah Al-Amri,DF,sa Saudi Arabia,29.0,,1997.0,3.0,3.0,239.0,2.7,1.0,0.0,1.0,1.0,0.0,0.0,1.0,0.0,fd0affe3,0.0,0.38,0.38,0.38,0.38,N/A
65,Youssef Amyn,MF,iq Iraq,22.0,1.cy AEK Larnaca,2003.0,1.0,0.0,31.0,0.3,0.0,0.0,0.0,0.0,0.0,0.0,0.0,0.0,10c12f22,0.0,0.0,0.0,0.0,0.0,N/A
66,Elliot Anderson,MF,eng England,23.0,1.eng Nottingham,2002.0,8.0,7.0,632.0,7.0,0.0,1.0,1.0,0.0,0.0,0.0,1.0,0.0,de31038e,0.14,0.14,0.0,0.0,0.14,N/A
67,Andrés Andrade Cedeño,DF,pa Panama,27.0,1.at LASK,1998.0,3.0,3.0,270.0,3.0,0.0,0.0,0.0,0.0,0.0,0.0,1.0,0.0,6ea23758,0.0,0.0,0.0,0.0,0.0,N/A
68,Fredrik André Bjørkan,DF,no Norway,27.0,1.no Bodø/Glimt,1998.0,1.0,1.0,45.0,0.5,0.0,0.0,0.0,0.0,0.0,0.0,0.0,0.0,3724baa1,0.0,0.0,0.0,0.0,0.0,N/A
69,Nilson Angulo,MF,ec Ecuador,22.0,1.eng Sunderland,2003.0,4.0,2.0,218.0,2.4,1.0,0.0,1.0,1.0,0.0,0.0,0.0,0.0,a9b9d89c,0.0,0.41,0.41,0.41,0.41,N/A
70,Waldemar Anton,DF,de Germany,29.0,1.de Dortmund,1996.0,2.0,0.0,50.0,0.6,0.0,0.0,0.0,0.0,0.0,0.0,0.0,0.0,5e66fa06,0.0,0.0,0.0,0.0,0.0,MF
71,Jeremy Antonisse,FW,cw Curaçao,24.0,1.gr AE Kifisia,2002.0,2.0,0.0,75.0,0.8,0.0,0.0,0.0,0.0,0.0,0.0,0.0,0.0,6011e63a,0.0,0.0,0.0,0.0,0.0,MF
72,Houssem Aouar,MF,dz Algeria,27.0,1.sa Al-Ittihad,1998.0,3.0,2.0,173.0,1.9,0.0,2.0,2.0,0.0,0.0,0.0,0.0,0.0,a5db0bec,1.04,1.04,0.0,0.0,1.04,N/A
73,Oswin Appollis,MF,za South Africa,24.0,1.za Orlando Pirates,2001.0,4.0,3.0,255.0,2.8,0.0,0.0,0.0,0.0,0.0,0.0,0.0,0.0,e8933eb0,0.0,0.0,0.0,0.0,0.0,FW
74,Yazan Al-Arab,DF,jo Jordan,30.0,1.kr FC Seoul,1996.0,3.0,3.0,270.0,3.0,0.0,0.0,0.0,0.0,0.0,0.0,1.0,0.0,32878a09,0.0,0.0,0.0,0.0,0.0,N/A
75,Maxi Araújo,FW,uy Uruguay,26.0,1.pt Sporting CP,2000.0,3.0,3.0,250.0,2.8,2.0,1.0,3.0,2.0,0.0,0.0,0.0,0.0,f9ab3f4a,0.36,1.08,0.72,0.72,1.08,MF
76,Tomás Araújo,DF,pt Portugal,24.0,1.pt Benfica,2002.0,1.0,1.0,90.0,1.0,0.0,0.0,0.0,0.0,0.0,0.0,1.0,0.0,0fa11d7d,0.0,0.0,0.0,0.0,0.0,N/A
77,Telmo Arcanjo,MF,cv Cabo Verde,24.0,1.pt Vit. Guimarães,2001.0,2.0,1.0,57.0,0.6,0.0,0.0,0.0,0.0,0.0,0.0,0.0,0.0,c692cef2,0.0,0.0,0.0,0.0,0.0,N/A
78,Álex Arce,FW,py Paraguay,30.0,1.ar Ind. Rivadavia,1995.0,2.0,0.0,53.0,0.6,0.0,0.0,0.0,0.0,0.0,0.0,1.0,0.0,10411db2,0.0,0.0,0.0,0.0,0.0,N/A
79,Carlens Arcus,MF,ht Haiti,29.0,1.fr Angers,1996.0,3.0,2.0,146.0,1.6,0.0,0.0,0.0,0.0,0.0,0.0,1.0,0.0,5e837126,0.0,0.0,0.0,0.0,0.0,DF
80,Max Arfsten,MF,us United States,25.0,1.us Columbus Crew,2001.0,1.0,0.0,1.0,0.0,0.0,0.0,0.0,0.0,0.0,0.0,0.0,0.0,668f881e,0.0,0.0,0.0,0.0,0.0,N/A
81,Jhon Arias,MF,co Colombia,28.0,1.br Palmeiras,1997.0,5.0,5.0,377.0,4.2,1.0,0.0,1.0,1.0,0.0,0.0,1.0,0.0,86d96066,0.0,0.24,0.24,0.24,0.24,N/A
82,Santiago Arias,DF,co Colombia,34.0,1.ar Independiente,1992.0,1.0,1.0,86.0,1.0,0.0,0.0,0.0,0.0,0.0,0.0,0.0,0.0,fdd60087,0.0,0.0,0.0,0.0,0.0,N/A
83,Marko Arnautović,FW,at Austria,37.0,1.rs Red Star,1989.0,4.0,1.0,144.0,1.6,2.0,0.0,2.0,1.0,1.0,1.0,1.0,0.0,00459419,0.0,1.25,1.25,0.62,0.62,N/A
84,Benjamin Asare,GK,gh Ghana,33.0,1.gh Accra Hearts of Oak,1992.0,3.0,2.0,225.0,2.5,0.0,0.0,0.0,0.0,0.0,0.0,0.0,0.0,4bb65492,0.0,0.0,0.0,0.0,0.0,N/A
85,Emam Ashour,MF,eg Egypt,28.0,1.eg Al Ahly,1998.0,5.0,5.0,362.0,4.0,2.0,0.0,2.0,2.0,0.0,0.0,0.0,0.0,31b7d437,0.0,0.5,0.5,0.5,0.5,N/A
86,Rustam Ashurmatov,DF,uz Uzbekistan,29.0,1.ir Esteghlal,1996.0,3.0,3.0,256.0,2.8,0.0,0.0,0.0,0.0,0.0,0.0,0.0,0.0,a0ecd397,0.0,0.0,0.0,0.0,0.0,N/A
87,Lawrence Ati-Zigi,GK,gh Ghana,29.0,1.ch St. Gallen,1996.0,2.0,2.0,135.0,1.5,0.0,0.0,0.0,0.0,0.0,0.0,0.0,0.0,a12402c3,0.0,0.0,0.0,0.0,0.0,N/A
88,Marwan Attia,MF,eg Egypt,27.0,1.eg Al Ahly,1998.0,5.0,4.0,434.0,4.8,0.0,1.0,1.0,0.0,0.0,0.0,2.0,0.0,1ea3d7ec,0.21,0.21,0.0,0.0,0.21,N/A
89,Fredrik Aursnes,MF,no Norway,30.0,1.pt Benfica,1995.0,6.0,3.0,304.0,3.4,0.0,0.0,0.0,0.0,0.0,0.0,0.0,0.0,f0677ed7,0.0,0.0,0.0,0.0,0.0,DF
90,Gabriel Ávalos,FW,py Paraguay,35.0,1.ar Independiente,1990.0,4.0,2.0,141.0,1.6,0.0,0.0,0.0,0.0,0.0,0.0,0.0,0.0,b6781b67,0.0,0.0,0.0,0.0,0.0,N/A
91,Yasin Ayari,MF,se Sweden,22.0,1.eng Brighton,2003.0,4.0,4.0,339.0,3.8,2.0,0.0,2.0,2.0,0.0,0.0,1.0,0.0,f173303a,0.0,0.53,0.53,0.53,0.53,N/A
92,Oğuz Aydın,DF,tr Türkiye,25.0,1.tr Fenerbahçe,2000.0,1.0,1.0,89.0,1.0,0.0,0.0,0.0,0.0,0.0,0.0,0.0,0.0,a7b98226,0.0,0.0,0.0,0.0,0.0,N/A
93,Jordan Ayew,FW,gh Ghana,34.0,2.eng Leicester City,1991.0,4.0,4.0,300.0,3.3,0.0,0.0,0.0,0.0,0.0,0.0,0.0,0.0,da052c14,0.0,0.0,0.0,0.0,0.0,N/A
94,Kaan Ayhan,DF,tr Türkiye,31.0,1.tr Galatasaray,1994.0,1.0,0.0,3.0,0.0,1.0,0.0,1.0,1.0,0.0,0.0,0.0,0.0,2200181e,0.0,30.0,30.0,30.0,30.0,MF
95,Neil El Aynaoui,MF,ma Morocco,24.0,1.it Roma,2001.0,6.0,6.0,562.0,6.2,0.0,0.0,0.0,0.0,0.0,0.0,0.0,0.0,17e1261b,0.0,0.0,0.0,0.0,0.0,N/A
96,Ali Azaizeh,MF,jo Jordan,22.0,1.sa Al-Shabab,2004.0,3.0,1.0,54.0,0.6,0.0,0.0,0.0,0.0,0.0,0.0,0.0,0.0,3a46ac67,0.0,0.0,0.0,0.0,0.0,N/A
97,Juninho Bacuna,MF,cw Curaçao,28.0,1.nl Volendam,1997.0,3.0,3.0,254.0,2.8,0.0,0.0,0.0,0.0,0.0,0.0,2.0,0.0,aaf1bf05,0.0,0.0,0.0,0.0,0.0,N/A
98,Leandro Bacuna,MF,cw Curaçao,34.0,2.tr 76 Iğdır Belediyespor,1991.0,3.0,3.0,270.0,3.0,0.0,0.0,0.0,0.0,0.0,0.0,1.0,0.0,9dc69d38,0.0,0.0,0.0,0.0,0.0,N/A
99,Álex Baena,MF,es Spain,24.0,1.es Atlético Madrid,2001.0,7.0,7.0,481.0,5.3,1.0,1.0,2.0,1.0,0.0,0.0,1.0,0.0,518f2234,0.19,0.37,0.19,0.19,0.37,FW
100,Esmir Bajraktarevic,MF,ba Bosnia–Herz,21.0,1.nl PSV,2005.0,4.0,2.0,230.0,2.6,0.0,0.0,0.0,0.0,0.0,0.0,0.0,0.0,dff24174,0.0,0.0,0.0,0.0,0.0,N/A
101,Cédric Bakambu,FW,cd Congo DR,35.0,1.es Real Betis,1991.0,3.0,3.0,190.0,2.1,0.0,0.0,0.0,0.0,0.0,0.0,0.0,0.0,0af4dcf0,0.0,0.0,0.0,0.0,0.0,N/A
102,Fabián Balbuena,DF,py Paraguay,34.0,1.br Grêmio,1991.0,1.0,0.0,1.0,0.0,0.0,0.0,0.0,0.0,0.0,0.0,0.0,0.0,3626f7d9,0.0,0.0,0.0,0.0,0.0,N/A
103,Folarin Balogun,FW,us United States,24.0,1.fr Monaco,2001.0,4.0,4.0,312.0,3.5,3.0,0.0,3.0,3.0,0.0,0.0,1.0,1.0,31822f8c,0.0,0.87,0.87,0.87,0.87,N/A
104,Simon Banza,FW,cd Congo DR,29.0,1.ae Al Jazira Club,1996.0,2.0,0.0,40.0,0.4,0.0,0.0,0.0,0.0,0.0,0.0,0.0,0.0,be47b750,0.0,0.0,0.0,0.0,0.0,MF
105,Yoel Bárcenas,MF,pa Panama,32.0,1.mx Mazatlán,1993.0,3.0,3.0,249.0,2.8,0.0,0.0,0.0,0.0,0.0,0.0,1.0,0.0,b39849eb,0.0,0.0,0.0,0.0,0.0,N/A
106,Valentín Barco,DF,ar Argentina,21.0,1.fr Strasbourg,2004.0,1.0,0.0,20.0,0.2,0.0,0.0,0.0,0.0,0.0,0.0,0.0,0.0,b9f282ec,0.0,0.0,0.0,0.0,0.0,MF
107,Bradley Barcola,MF,fr France,23.0,1.fr PSG,2002.0,8.0,4.0,384.0,4.3,3.0,1.0,4.0,3.0,0.0,0.0,1.0,0.0,a0d55a09,0.23,0.94,0.7,0.7,0.94,N/A
108,Abdülkerim Bardakcı,DF,tr Türkiye,31.0,1.tr Galatasaray,1994.0,3.0,3.0,265.0,2.9,0.0,0.0,0.0,0.0,0.0,0.0,0.0,0.0,5d9cff53,0.0,0.0,0.0,0.0,0.0,N/A
109,Ivan Bašić,MF,ba Bosnia–Herz,24.0,1.kz FC Astana,2002.0,3.0,2.0,179.0,2.0,0.0,1.0,1.0,0.0,0.0,0.0,0.0,0.0,9b0a0d51,0.5,0.5,0.0,0.0,0.5,N/A
110,Ahmed Basil,GK,iq Iraq,29.0,1.iq Al-Shorta,1996.0,2.0,2.0,135.0,1.5,0.0,0.0,0.0,0.0,0.0,0.0,0.0,0.0,3bf9e631,0.0,0.0,0.0,0.0,0.0,N/A
111,Martin Baturina,MF,hr Croatia,23.0,1.it Como,2003.0,4.0,4.0,321.0,3.6,1.0,0.0,1.0,1.0,0.0,0.0,0.0,0.0,d1eda5f0,0.0,0.28,0.28,0.28,0.28,FW
112,Ibrahim Bayesh,MF,iq Iraq,26.0,1.ae Al Dhafra SCC,2000.0,3.0,3.0,235.0,2.6,0.0,0.0,0.0,0.0,0.0,0.0,0.0,0.0,2f2003ba,0.0,0.0,0.0,0.0,0.0,FW
113,Samed Baždar,FW,ba Bosnia–Herz,22.0,1.de Gladbach,2004.0,1.0,0.0,29.0,0.3,0.0,0.0,0.0,0.0,0.0,0.0,0.0,0.0,e59c9d0d,0.0,0.0,0.0,0.0,0.0,N/A
114,Riechedly Bazoer,DF,cw Curaçao,29.0,1.tr Konyaspor,1996.0,1.0,1.0,90.0,1.0,0.0,0.0,0.0,0.0,0.0,0.0,0.0,0.0,da59a197,0.0,0.0,0.0,0.0,0.0,N/A
115,Patrick Beach,GK,au Australia,22.0,1.au Melb City,2003.0,4.0,4.0,388.0,4.3,0.0,0.0,0.0,0.0,0.0,0.0,0.0,0.0,3cc64624,0.0,0.0,0.0,0.0,0.0,N/A
116,Aziz Behich,MF,au Australia,35.0,1.au Melb City,1990.0,3.0,2.0,217.0,2.4,0.0,0.0,0.0,0.0,0.0,0.0,0.0,0.0,b6867b96,0.0,0.0,0.0,0.0,0.0,N/A
117,Maximilian Beier,FW,de Germany,23.0,1.de Dortmund,2002.0,1.0,0.0,27.0,0.3,0.0,0.0,0.0,0.0,0.0,0.0,0.0,0.0,5db45ee5,0.0,0.0,0.0,0.0,0.0,MF
118,Alireza Beiranvand,GK,ir IR Iran,33.0,1.ir Tractor,1992.0,3.0,3.0,270.0,3.0,0.0,0.0,0.0,0.0,0.0,0.0,0.0,0.0,6ca0b04a,0.0,0.0,0.0,0.0,0.0,N/A
119,Zineddine Belaïd,DF,dz Algeria,27.0,1.dz JS Kabylie,1999.0,2.0,0.0,25.0,0.3,0.0,0.0,0.0,0.0,0.0,0.0,0.0,0.0,b2562589,0.0,0.0,0.0,0.0,0.0,N/A
120,Rafik Belghali,DF,dz Algeria,24.0,1.it Hellas Verona,2002.0,4.0,4.0,331.0,3.7,1.0,0.0,1.0,1.0,0.0,0.0,0.0,0.0,0abcb968,0.0,0.27,0.27,0.27,0.27,N/A
121,Joe Bell,MF,nz New Zealand,27.0,1.no Viking,1999.0,3.0,3.0,243.0,2.7,0.0,0.0,0.0,0.0,0.0,0.0,0.0,0.0,7825847e,0.0,0.0,0.0,0.0,0.0,N/A
122,Jean-Ricner Bellegarde,MF,ht Haiti,27.0,1.eng Wolves,1998.0,3.0,3.0,260.0,2.9,0.0,0.0,0.0,0.0,0.0,0.0,1.0,0.0,10f0fdd3,0.0,0.0,0.0,0.0,0.0,N/A
123,Jude Bellingham,MF,eng England,22.0,1.es Real Madrid,2003.0,8.0,7.0,614.0,6.8,7.0,1.0,8.0,7.0,0.0,0.0,1.0,0.0,57d88cf9,0.15,1.17,1.03,1.03,1.17,N/A
124,Mortadha Ben Ouanes,DF,tn Tunisia,31.0,1.tr Kasımpaşa,1994.0,1.0,0.0,23.0,0.3,0.0,0.0,0.0,0.0,0.0,0.0,0.0,0.0,1798891a,0.0,0.0,0.0,0.0,0.0,MF
125,Anis Ben Slimane,MF,tn Tunisia,25.0,2.eng Norwich City,2001.0,3.0,3.0,240.0,2.7,0.0,0.0,0.0,0.0,0.0,0.0,0.0,0.0,9ade9ce1,0.0,0.0,0.0,0.0,0.0,FW
126,Oussama Benbot,GK,dz Algeria,31.0,1.dz USM Alger,1994.0,1.0,1.0,90.0,1.0,0.0,0.0,0.0,0.0,0.0,0.0,0.0,0.0,dcae580c,0.0,0.0,0.0,0.0,0.0,N/A
127,Nadhir Benbouali,FW,dz Algeria,26.0,1.hu Győr,2000.0,1.0,0.0,45.0,0.5,1.0,0.0,1.0,1.0,0.0,0.0,0.0,0.0,cd25f2b3,0.0,2.0,2.0,2.0,2.0,N/A
128,Gilson Benchimol,FW,cv Cabo Verde,24.0,1.ru Akron Tolyatti,2001.0,2.0,1.0,78.0,0.9,0.0,0.0,0.0,0.0,0.0,0.0,0.0,0.0,eae26fce,0.0,0.0,0.0,0.0,0.0,N/A
129,Ramy Bensebaini,DF,dz Algeria,31.0,1.de Dortmund,1995.0,4.0,4.0,360.0,4.0,0.0,0.0,0.0,0.0,0.0,0.0,0.0,0.0,378825c7,0.0,0.0,0.0,0.0,0.0,N/A
130,Nabil Bentaleb,MF,dz Algeria,31.0,1.fr Lille,1994.0,4.0,3.0,285.0,3.2,0.0,0.0,0.0,0.0,0.0,0.0,0.0,0.0,3189f61a,0.0,0.0,0.0,0.0,0.0,N/A
131,Rodrigo Bentancur,MF,uy Uruguay,28.0,1.eng Tottenham,1997.0,3.0,3.0,270.0,3.0,0.0,0.0,0.0,0.0,0.0,0.0,1.0,0.0,3b8674e6,0.0,0.0,0.0,0.0,0.0,N/A
132,Patrick Berg,MF,no Norway,28.0,1.no Bodø/Glimt,1997.0,6.0,4.0,445.0,4.9,0.0,2.0,2.0,0.0,0.0,0.0,1.0,0.0,e4114f5d,0.4,0.4,0.0,0.0,0.4,N/A
133,Sander Berge,MF,no Norway,28.0,1.eng Fulham,1998.0,5.0,5.0,480.0,5.3,0.0,0.0,0.0,0.0,0.0,0.0,0.0,0.0,d0b6129f,0.0,0.0,0.0,0.0,0.0,N/A
134,Lucas Bergvall,MF,se Sweden,20.0,1.eng Tottenham,2006.0,4.0,1.0,181.0,2.0,0.0,1.0,1.0,0.0,0.0,0.0,1.0,0.0,a109e5c8,0.5,0.5,0.0,0.0,0.5,N/A
135,Sebastian Berhalter,MF,us United States,25.0,1.us Vancouver,2001.0,5.0,1.0,187.0,2.1,1.0,1.0,2.0,1.0,0.0,0.0,1.0,0.0,f33ee427,0.48,0.96,0.48,0.48,0.96,N/A
136,Alexander Bernhardsson,MF,se Sweden,27.0,2.de Holstein Kiel,1998.0,3.0,3.0,217.0,2.4,0.0,0.0,0.0,0.0,0.0,0.0,0.0,0.0,dea1d183,0.0,0.0,0.0,0.0,0.0,N/A
137,Tyler Bindon,DF,nz New Zealand,21.0,2.eng Sheffield United,2005.0,3.0,1.0,97.0,1.1,0.0,0.0,0.0,0.0,0.0,0.0,0.0,0.0,3575e5eb,0.0,0.0,0.0,0.0,0.0,N/A
138,César Blackman,MF,pa Panama,28.0,1.sk Slovan Bratislava,1998.0,2.0,2.0,178.0,2.0,0.0,0.0,0.0,0.0,0.0,0.0,1.0,0.0,c2b11050,0.0,0.0,0.0,0.0,0.0,DF
139,Damián Bobadilla,MF,py Paraguay,24.0,1.br São Paulo,2001.0,4.0,2.0,189.0,2.1,0.0,0.0,0.0,0.0,0.0,0.0,0.0,0.0,ad7d6437,0.0,0.0,0.0,0.0,0.0,N/A
140,Oscar Bobb,FW,no Norway,22.0,1.eng Fulham,2003.0,6.0,1.0,225.0,2.5,0.0,0.0,0.0,0.0,0.0,0.0,0.0,0.0,eed2427e,0.0,0.0,0.0,0.0,0.0,N/A
141,Moïse Bombito,DF,ca Canada,26.0,1.fr Nice,2000.0,3.0,2.0,193.0,2.1,0.0,0.0,0.0,0.0,0.0,0.0,0.0,0.0,c2f23fc8,0.0,0.0,0.0,0.0,0.0,N/A
142,Theo Bongonda,FW,cd Congo DR,30.0,1.ru Spartak Moscow,1995.0,2.0,0.0,34.0,0.4,0.0,0.0,0.0,0.0,0.0,0.0,0.0,0.0,0da6a13e,0.0,0.0,0.0,0.0,0.0,MF
143,Ange-Yoan Bonny,FW,ci Côte d'Ivoire,22.0,1.it Inter,2003.0,4.0,3.0,234.0,2.6,0.0,0.0,0.0,0.0,0.0,0.0,0.0,0.0,64629ba4,0.0,0.0,0.0,0.0,0.0,N/A
144,Jordy Bos,MF,au Australia,23.0,1.nl Feyenoord,2002.0,4.0,4.0,308.0,3.4,0.0,0.0,0.0,0.0,0.0,0.0,1.0,0.0,8070a9fd,0.0,0.0,0.0,0.0,0.0,DF
145,Ayyoub Bouaddi,MF,ma Morocco,18.0,1.fr Lille,2007.0,5.0,5.0,381.0,4.2,0.0,0.0,0.0,0.0,0.0,0.0,0.0,0.0,8006228f,0.0,0.0,0.0,0.0,0.0,N/A
146,Hicham Boudaoui,MF,dz Algeria,26.0,1.fr Nice,1999.0,3.0,2.0,128.0,1.4,0.0,0.0,0.0,0.0,0.0,0.0,1.0,0.0,f9d5908e,0.0,0.0,0.0,0.0,0.0,N/A
147,Karim Boudiaf,MF,qa Qatar,35.0,1.qa Al Duhail SC,1990.0,2.0,1.0,102.0,1.1,0.0,0.0,0.0,0.0,0.0,0.0,0.0,0.0,a38f33fd,0.0,0.0,0.0,0.0,0.0,N/A
148,Adil Boulbina,FW,dz Algeria,23.0,1.qa Al Duhail SC,2003.0,2.0,0.0,19.0,0.2,0.0,0.0,0.0,0.0,0.0,0.0,0.0,0.0,12f7f264,0.0,0.0,0.0,0.0,0.0,N/A
149,Yassine Bounou,GK,ma Morocco,35.0,1.sa Al-Hilal,1991.0,6.0,6.0,570.0,6.3,0.0,0.0,0.0,0.0,0.0,0.0,0.0,0.0,f6798fc3,0.0,0.0,0.0,0.0,0.0,N/A
150,Nawaf Boushal,DF,sa Saudi Arabia,26.0,1.sa Al-Nassr,1999.0,2.0,1.0,91.0,1.0,0.0,0.0,0.0,0.0,0.0,0.0,0.0,0.0,7dc1c2c6,0.0,0.0,0.0,0.0,0.0,N/A
151,Michael Boxall,DF,nz New Zealand,37.0,1.us Minnesota Utd,1988.0,3.0,2.0,207.0,2.3,0.0,0.0,0.0,0.0,0.0,0.0,0.0,0.0,6bfa0d3a,0.0,0.0,0.0,0.0,0.0,N/A
152,Sultan Al-Brake,DF,qa Qatar,30.0,1.qa Al Duhail SC,1996.0,2.0,1.0,141.0,1.6,0.0,0.0,0.0,0.0,0.0,0.0,0.0,0.0,fcaa2400,0.0,0.0,0.0,0.0,0.0,N/A
153,Joshua Brenet,DF,cw Curaçao,32.0,1.tr Kayserispor,1994.0,2.0,2.0,179.0,2.0,0.0,0.0,0.0,0.0,0.0,0.0,0.0,0.0,2b5527c4,0.0,0.0,0.0,0.0,0.0,N/A
154,Brian Brobbey,FW,nl Netherlands,24.0,1.eng Sunderland,2002.0,4.0,3.0,223.0,2.5,3.0,0.0,3.0,3.0,0.0,0.0,0.0,0.0,4c184730,0.0,1.21,1.21,1.21,1.21,N/A
155,Dylan Bronn,DF,tn Tunisia,30.0,1.ch Servette FC,1995.0,1.0,1.0,45.0,0.5,0.0,0.0,0.0,0.0,0.0,0.0,0.0,0.0,edd81e2a,0.0,0.0,0.0,0.0,0.0,N/A
156,Nathaniel Brown,DF,de Germany,22.0,1.de Frankfurt,2003.0,3.0,3.0,282.0,3.1,1.0,1.0,2.0,1.0,0.0,0.0,0.0,0.0,abc79c47,0.32,0.64,0.32,0.32,0.64,N/A
157,Tajon Buchanan,MF,ca Canada,27.0,1.es Villarreal,1999.0,5.0,5.0,376.0,4.2,0.0,0.0,0.0,0.0,0.0,0.0,0.0,0.0,3aca6420,0.0,0.0,0.0,0.0,0.0,N/A
158,Ante Budimir,FW,hr Croatia,34.0,1.es Osasuna,1991.0,3.0,2.0,155.0,1.7,1.0,0.0,1.0,1.0,0.0,0.0,0.0,0.0,8f3565b3,0.0,0.58,0.58,0.58,0.58,N/A
159,Firas Al-Buraikan,FW,sa Saudi Arabia,26.0,1.sa Al-Ahli,2000.0,3.0,3.0,238.0,2.6,0.0,0.0,0.0,0.0,0.0,0.0,1.0,0.0,ac717a23,0.0,0.0,0.0,0.0,0.0,N/A
160,Cameron Burgess,DF,au Australia,30.0,2.eng Swansea City,1995.0,2.0,2.0,135.0,1.5,0.0,0.0,0.0,0.0,0.0,0.0,0.0,0.0,da61ca98,0.0,0.0,0.0,0.0,0.0,N/A
161,Dan Burn,DF,eng England,34.0,1.eng Newcastle,1992.0,3.0,0.0,35.0,0.4,0.0,0.0,0.0,0.0,0.0,0.0,0.0,0.0,b2d31e83,0.0,0.0,0.0,0.0,0.0,N/A
162,Dženis Burnić,MF,ba Bosnia–Herz,28.0,2.de Karlsruher,1998.0,2.0,0.0,16.0,0.2,0.0,0.0,0.0,0.0,0.0,0.0,0.0,0.0,0dabaf14,0.0,0.0,0.0,0.0,0.0,N/A
163,Gustavo Caballero,FW,py Paraguay,24.0,2.eng Portsmouth,2001.0,2.0,0.0,96.0,1.1,0.0,0.0,0.0,0.0,0.0,0.0,0.0,0.0,90a38ca7,0.0,0.0,0.0,0.0,0.0,MF
164,Jovane Cabral,FW,cv Cabo Verde,28.0,1.pt Estrela,1998.0,2.0,2.0,139.0,1.5,0.0,0.0,0.0,0.0,0.0,0.0,0.0,0.0,e34e086c,0.0,0.0,0.0,0.0,0.0,N/A
165,Liberato Cacace,DF,nz New Zealand,25.0,2.eng Wrexham,2000.0,3.0,3.0,220.0,2.4,0.0,0.0,0.0,0.0,0.0,0.0,0.0,0.0,dd86e8e4,0.0,0.0,0.0,0.0,0.0,N/A
166,Juan Cáceres,DF,py Paraguay,26.0,1.ru Dynamo Moskva,2000.0,5.0,5.0,436.0,4.8,0.0,0.0,0.0,0.0,0.0,0.0,1.0,0.0,db887bdf,0.0,0.0,0.0,0.0,0.0,N/A
167,Sebastián Cáceres,DF,uy Uruguay,26.0,1.mx América,1999.0,3.0,3.0,270.0,3.0,0.0,0.0,0.0,0.0,0.0,0.0,0.0,0.0,7091c68e,0.0,0.0,0.0,0.0,0.0,N/A
168,Jordy Caicedo,FW,ec Ecuador,28.0,1.ar Huracán,1997.0,3.0,0.0,20.0,0.2,0.0,0.0,0.0,0.0,0.0,0.0,0.0,0.0,7fcb27d8,0.0,0.0,0.0,0.0,0.0,N/A
169,Moisés Caicedo,MF,ec Ecuador,24.0,1.eng Chelsea,2001.0,4.0,4.0,360.0,4.0,0.0,0.0,0.0,0.0,0.0,0.0,1.0,0.0,16264a81,0.0,0.0,0.0,0.0,0.0,N/A
170,Uğurcan Çakır,GK,tr Türkiye,30.0,1.tr Galatasaray,1996.0,3.0,3.0,270.0,3.0,0.0,0.0,0.0,0.0,0.0,0.0,0.0,0.0,f63a8347,0.0,0.0,0.0,0.0,0.0,N/A
171,Hakan Çalhanoğlu,MF,tr Türkiye,32.0,1.it Inter,1994.0,2.0,2.0,180.0,2.0,0.0,0.0,0.0,0.0,0.0,0.0,0.0,0.0,cd0fa27b,0.0,0.0,0.0,0.0,0.0,N/A
172,Lamine Camara,MF,sn Senegal,22.0,1.fr Monaco,2004.0,4.0,3.0,248.0,2.8,0.0,1.0,1.0,0.0,0.0,0.0,1.0,0.0,19c2ffa4,0.36,0.36,0.0,0.0,0.36,N/A
173,Jaminton Campaz,FW,co Colombia,26.0,1.ar Rosario Central,2000.0,3.0,0.0,75.0,0.8,1.0,0.0,1.0,1.0,0.0,0.0,0.0,0.0,8d5ceef2,0.0,1.2,1.2,1.2,1.2,MF
174,İrfan Can Kahveci,MF,tr Türkiye,30.0,1.tr Kasımpaşa,1995.0,1.0,0.0,1.0,0.0,0.0,0.0,0.0,0.0,0.0,0.0,0.0,0.0,d2800f47,0.0,0.0,0.0,0.0,0.0,N/A
175,José Canale,DF,py Paraguay,29.0,1.ar Lanús,1996.0,4.0,1.0,161.0,1.8,0.0,0.0,0.0,0.0,0.0,0.0,0.0,0.0,97d24b73,0.0,0.0,0.0,0.0,0.0,N/A
176,João Cancelo,DF,pt Portugal,32.0,1.es Barcelona,1994.0,5.0,5.0,312.0,3.5,0.0,1.0,1.0,0.0,0.0,0.0,0.0,0.0,bd6351cd,0.29,0.29,0.0,0.0,0.29,N/A
177,Agustín Canobbio,FW,uy Uruguay,27.0,1.br Fluminense,1998.0,3.0,2.0,224.0,2.5,1.0,0.0,1.0,1.0,0.0,0.0,0.0,1.0,4f5a2f38,0.0,0.4,0.4,0.4,0.4,N/A
178,Casemiro,MF,br Brazil,34.0,1.eng Manchester Utd,1992.0,5.0,5.0,379.0,4.2,1.0,0.0,1.0,1.0,0.0,0.0,2.0,0.0,4d224fe8,0.0,0.24,0.24,0.24,0.24,N/A
179,Josué Casimir,MF,ht Haiti,24.0,1.fr Auxerre,2001.0,3.0,2.0,182.0,2.0,0.0,0.0,0.0,0.0,0.0,0.0,1.0,0.0,481f76cf,0.0,0.0,0.0,0.0,0.0,N/A
180,Timothy Castagne,DF,be Belgium,30.0,1.eng Fulham,1995.0,6.0,5.0,478.0,5.3,0.0,1.0,1.0,0.0,0.0,0.0,1.0,0.0,197640fd,0.19,0.19,0.0,0.0,0.19,N/A
181,Kevin Castaño,MF,co Colombia,25.0,1.ar River Plate,2000.0,2.0,0.0,16.0,0.2,0.0,0.0,0.0,0.0,0.0,0.0,0.0,0.0,c393c3d9,0.0,0.0,0.0,0.0,0.0,N/A
182,Jens Castrop,MF,kr Korea Republic,22.0,1.de Gladbach,2003.0,1.0,0.0,45.0,0.5,0.0,0.0,0.0,0.0,0.0,0.0,0.0,0.0,03fee7de,0.0,0.0,0.0,0.0,0.0,N/A
183,Zeki Çelik,DF,tr Türkiye,29.0,1.it Roma,1997.0,2.0,2.0,163.0,1.8,0.0,0.0,0.0,0.0,0.0,0.0,0.0,0.0,31a62dc7,0.0,0.0,0.0,0.0,0.0,N/A
184,Lukáš Červ,MF,cz Czechia,25.0,1.cz Viktoria Plzeň,2001.0,2.0,2.0,163.0,1.8,0.0,0.0,0.0,0.0,0.0,0.0,0.0,0.0,bb4a41bc,0.0,0.0,0.0,0.0,0.0,N/A
185,Fares Chaïbi,MF,dz Algeria,23.0,1.de Frankfurt,2002.0,4.0,4.0,360.0,4.0,0.0,0.0,0.0,0.0,0.0,0.0,1.0,0.0,357103bd,0.0,0.0,0.0,0.0,0.0,N/A
186,Trevoh Chalobah,DF,eng England,26.0,1.eng Chelsea,1999.0,1.0,0.0,1.0,0.0,0.0,0.0,0.0,0.0,0.0,0.0,0.0,0.0,5515376c,0.0,0.0,0.0,0.0,0.0,MF
187,Štěpán Chaloupek,DF,cz Czechia,23.0,1.cz Slavia Prague,2003.0,1.0,1.0,90.0,1.0,0.0,0.0,0.0,0.0,0.0,0.0,0.0,0.0,ded82b9a,0.0,0.0,0.0,0.0,0.0,N/A
188,Mouhib Chamakh,GK,tn Tunisia,24.0,1.tn Club Africain,2001.0,1.0,1.0,90.0,1.0,0.0,0.0,0.0,0.0,0.0,0.0,0.0,0.0,9627f87b,0.0,0.0,0.0,0.0,0.0,N/A
189,Firas Chaouat,FW,tn Tunisia,30.0,1.tn Club Africain,1996.0,3.0,0.0,49.0,0.5,0.0,0.0,0.0,0.0,0.0,0.0,0.0,0.0,7fa8ef98,0.0,0.0,0.0,0.0,0.0,N/A
190,Luis Chávez,MF,mx Mexico,30.0,1.ru Dynamo Moskva,1996.0,1.0,0.0,25.0,0.3,0.0,0.0,0.0,0.0,0.0,0.0,0.0,0.0,e50949ea,0.0,0.0,0.0,0.0,0.0,N/A
191,Mateo Chávez,DF,mx Mexico,22.0,1.nl AZ Alkmaar,2004.0,1.0,1.0,77.0,0.9,1.0,0.0,1.0,1.0,0.0,0.0,0.0,0.0,f82246a1,0.0,1.17,1.17,1.17,1.17,N/A
192,Samir Chergui,DF,dz Algeria,27.0,1.fr Paris FC,1999.0,1.0,0.0,20.0,0.2,0.0,0.0,0.0,0.0,0.0,0.0,0.0,0.0,4b6ab1da,0.0,0.0,0.0,0.0,0.0,N/A
193,Rayan Cherki,MF,fr France,22.0,1.eng Manchester City,2003.0,7.0,1.0,130.0,1.4,0.0,0.0,0.0,0.0,0.0,0.0,0.0,0.0,b34c63a5,0.0,0.0,0.0,0.0,0.0,N/A
194,Mathieu Choinière,MF,ca Canada,27.0,1.us LAFC,1999.0,1.0,1.0,57.0,0.6,0.0,0.0,0.0,0.0,0.0,0.0,0.0,0.0,017459bb,0.0,0.0,0.0,0.0,0.0,N/A
195,Tahith Chong,MF,cw Curaçao,26.0,2.eng Sheffield United,1999.0,3.0,3.0,247.0,2.7,0.0,0.0,0.0,0.0,0.0,0.0,0.0,0.0,2696b6a9,0.0,0.0,0.0,0.0,0.0,N/A
196,Tomáš Chorý,FW,cz Czechia,31.0,1.cz Slavia Prague,1995.0,2.0,0.0,31.0,0.3,0.0,0.0,0.0,0.0,0.0,0.0,0.0,0.0,163bbd4a,0.0,0.0,0.0,0.0,0.0,N/A
197,Ryan Christie,MF,sct Scotland,31.0,1.eng Bournemouth,1995.0,3.0,1.0,95.0,1.1,0.0,0.0,0.0,0.0,0.0,0.0,1.0,0.0,26ce2263,0.0,0.0,0.0,0.0,0.0,N/A
198,Carney Chukwuemeka,MF,at Austria,22.0,1.de Dortmund,2003.0,3.0,0.0,83.0,0.9,0.0,0.0,0.0,0.0,0.0,0.0,0.0,0.0,b2f9c73e,0.0,0.0,0.0,0.0,0.0,N/A
199,Mojmír Chytil,FW,cz Czechia,27.0,1.cz Slavia Prague,1999.0,1.0,0.0,7.0,0.1,0.0,0.0,0.0,0.0,0.0,0.0,0.0,0.0,01a08323,0.0,0.0,0.0,0.0,0.0,N/A
200,Brian Cipenga,MF,cd Congo DR,28.0,2.es Castellón,1998.0,2.0,2.0,146.0,1.6,1.0,0.0,1.0,1.0,0.0,0.0,0.0,0.0,e4787d6f,0.0,0.62,0.62,0.62,0.62,FW
201,Alessandro Circati,DF,au Australia,22.0,1.it Parma,2003.0,4.0,4.0,390.0,4.3,0.0,0.0,0.0,0.0,0.0,0.0,1.0,0.0,1223765c,0.0,0.0,0.0,0.0,0.0,N/A
202,Pathé Ciss,DF,sn Senegal,32.0,1.es Rayo Vallecano,1994.0,4.0,1.0,184.0,2.0,0.0,0.0,0.0,0.0,0.0,0.0,0.0,0.0,9a0408b6,0.0,0.0,0.0,0.0,0.0,N/A
203,Livano Comenencia,MF,cw Curaçao,22.0,1.ch Zürich,2004.0,3.0,3.0,233.0,2.6,1.0,0.0,1.0,1.0,0.0,0.0,1.0,0.0,c9d96dc1,0.0,0.39,0.39,0.39,0.39,N/A
204,Eray Cömert,DF,ch Switzerland,28.0,1.es Valencia,1998.0,1.0,0.0,31.0,0.3,0.0,0.0,0.0,0.0,0.0,0.0,0.0,0.0,15937e17,0.0,0.0,0.0,0.0,0.0,N/A
205,Francisco Conceição,MF,pt Portugal,23.0,1.it Juventus,2002.0,4.0,0.0,126.0,1.4,0.0,0.0,0.0,0.0,0.0,0.0,0.0,0.0,5ef3d210,0.0,0.0,0.0,0.0,0.0,N/A
206,Jhon Córdoba,FW,co Colombia,33.0,1.ru Krasnodar,1993.0,3.0,2.0,99.0,1.1,0.0,0.0,0.0,0.0,0.0,0.0,0.0,0.0,9f381d8b,0.0,0.0,0.0,0.0,0.0,N/A
207,José Córdoba,DF,pa Panama,25.0,2.eng Norwich City,2001.0,3.0,3.0,270.0,3.0,0.0,0.0,0.0,0.0,0.0,0.0,0.0,0.0,bec98750,0.0,0.0,0.0,0.0,0.0,N/A
208,Derek Cornelius,DF,ca Canada,28.0,1.fr Marseille,1997.0,4.0,4.0,315.0,3.5,0.0,0.0,0.0,0.0,0.0,0.0,1.0,0.0,577744b8,0.0,0.0,0.0,0.0,0.0,N/A
209,Diogo Costa,GK,pt Portugal,26.0,1.pt Porto,1999.0,5.0,5.0,450.0,5.0,0.0,0.0,0.0,0.0,0.0,0.0,0.0,0.0,93fffbcf,0.0,0.0,0.0,0.0,0.0,N/A
210,Nuno da Costa,FW,cv Cabo Verde,35.0,1.tr Başakşehir,1991.0,4.0,1.0,159.0,1.8,0.0,0.0,0.0,0.0,0.0,0.0,0.0,0.0,909222de,0.0,0.0,0.0,0.0,0.0,N/A
211,Samu Costa,MF,pt Portugal,25.0,1.es Mallorca,2000.0,1.0,0.0,21.0,0.2,0.0,0.0,0.0,0.0,0.0,0.0,0.0,0.0,76c2a023,0.0,0.0,0.0,0.0,0.0,N/A
212,Vladimír Coufal,MF,cz Czechia,33.0,1.de Hoffenheim,1992.0,3.0,3.0,270.0,3.0,0.0,1.0,1.0,0.0,0.0,0.0,0.0,0.0,fdf3cb77,0.33,0.33,0.0,0.0,0.33,DF
213,Thibaut Courtois,GK,be Belgium,34.0,1.es Real Madrid,1992.0,6.0,6.0,550.0,6.1,0.0,0.0,0.0,0.0,0.0,0.0,0.0,0.0,1840e36d,0.0,0.0,0.0,0.0,0.0,N/A
214,Maxime Crépeau,GK,ca Canada,32.0,1.us Orlando City,1994.0,5.0,5.0,450.0,5.0,0.0,0.0,0.0,0.0,0.0,0.0,0.0,0.0,ea42e480,0.0,0.0,0.0,0.0,0.0,N/A
215,Max Crocombe,GK,nz New Zealand,32.0,2.eng Millwall,1993.0,3.0,3.0,270.0,3.0,0.0,0.0,0.0,0.0,0.0,0.0,0.0,0.0,fdf47077,0.0,0.0,0.0,0.0,0.0,N/A
216,Pau Cubarsí,DF,es Spain,19.0,1.es Barcelona,2007.0,8.0,8.0,750.0,8.3,0.0,0.0,0.0,0.0,0.0,0.0,1.0,0.0,cc7888f3,0.0,0.0,0.0,0.0,0.0,N/A
217,Andrés Cubas,MF,py Paraguay,30.0,1.us Vancouver,1996.0,5.0,5.0,480.0,5.3,0.0,0.0,0.0,0.0,0.0,0.0,1.0,0.0,9b40a6ea,0.0,0.0,0.0,0.0,0.0,N/A
218,Cucho,FW,co Colombia,27.0,1.es Real Betis,1999.0,2.0,0.0,50.0,0.6,0.0,1.0,1.0,0.0,0.0,0.0,0.0,0.0,71b47ab9,1.8,1.8,0.0,0.0,1.8,MF
219,Marc Cucurella,DF,es Spain,27.0,1.eng Chelsea,1998.0,8.0,8.0,750.0,8.3,0.0,2.0,2.0,0.0,0.0,0.0,1.0,0.0,1daec722,0.24,0.24,0.0,0.0,0.24,N/A
220,Matheus Cunha,FW,br Brazil,27.0,1.eng Manchester Utd,1999.0,5.0,4.0,290.0,3.2,3.0,0.0,3.0,3.0,0.0,0.0,0.0,0.0,dc62b55d,0.0,0.93,0.93,0.93,0.93,N/A
221,Findlay Curtis,MF,sct Scotland,19.0,1.sct Kilmarnock,2006.0,2.0,0.0,9.0,0.1,0.0,0.0,0.0,0.0,0.0,0.0,1.0,0.0,e2a68b89,0.0,0.0,0.0,0.0,0.0,N/A
222,Aymen Dahmen,GK,tn Tunisia,29.0,1.tn Ahly Sfaxien,1997.0,2.0,2.0,180.0,2.0,0.0,0.0,0.0,0.0,0.0,0.0,0.0,0.0,8bf49030,0.0,0.0,0.0,0.0,0.0,N/A
223,Diogo Dalot,DF,pt Portugal,27.0,1.eng Manchester Utd,1999.0,2.0,0.0,65.0,0.7,0.0,0.0,0.0,0.0,0.0,0.0,0.0,0.0,d9565625,0.0,0.0,0.0,0.0,0.0,MF
224,Danilo,DF,br Brazil,34.0,1.br Flamengo,1991.0,5.0,4.0,405.0,4.5,0.0,0.0,0.0,0.0,0.0,0.0,2.0,0.0,94b2001f,0.0,0.0,0.0,0.0,0.0,N/A
225,Kevin Danso,DF,at Austria,27.0,1.eng Tottenham,1998.0,4.0,2.0,241.0,2.7,0.0,0.0,0.0,0.0,0.0,0.0,0.0,0.0,6e33125f,0.0,0.0,0.0,0.0,0.0,N/A
226,Vladimír Darida,MF,cz Czechia,35.0,1.cz Hradec Králové,1990.0,1.0,1.0,54.0,0.6,0.0,0.0,0.0,0.0,0.0,0.0,0.0,0.0,3eb0f2df,0.0,0.0,0.0,0.0,0.0,N/A
227,Jonathan David,FW,ca Canada,26.0,1.it Juventus,2000.0,5.0,5.0,420.0,4.7,3.0,0.0,3.0,3.0,0.0,0.0,1.0,0.0,ce50fd99,0.0,0.64,0.64,0.64,0.64,N/A
228,Promise David,FW,ca Canada,24.0,1.be Union SG,2001.0,4.0,0.0,80.0,0.9,1.0,1.0,2.0,1.0,0.0,0.0,0.0,0.0,dbe19468,1.13,2.25,1.13,1.13,2.25,N/A
229,Alphonso Davies,DF,ca Canada,25.0,1.de Bayern Munich,2000.0,1.0,0.0,16.0,0.2,0.0,0.0,0.0,0.0,0.0,0.0,0.0,0.0,d781d855,0.0,0.0,0.0,0.0,0.0,FW
230,Erick Davis,DF,pa Panama,35.0,1.pa Plaza Amador,1991.0,2.0,0.0,4.0,0.0,0.0,0.0,0.0,0.0,0.0,0.0,0.0,0.0,2ffb0739,0.0,0.0,0.0,0.0,0.0,N/A
231,Nasser Al-Dawsari,MF,sa Saudi Arabia,27.0,1.sa Al-Hilal,1998.0,3.0,2.0,207.0,2.3,0.0,0.0,0.0,0.0,0.0,0.0,1.0,0.0,7709e4a6,0.0,0.0,0.0,0.0,0.0,N/A
232,Salem Al-Dawsari,MF,sa Saudi Arabia,34.0,1.sa Al-Hilal,1991.0,3.0,3.0,245.0,2.7,0.0,0.0,0.0,0.0,0.0,0.0,1.0,0.0,60ee859c,0.0,0.0,0.0,0.0,0.0,N/A
233,Mohammad Al-Dawud,FW,jo Jordan,34.0,1.jo Al-Wehdat SC,1992.0,1.0,0.0,3.0,0.0,0.0,0.0,0.0,0.0,0.0,0.0,0.0,0.0,e645c3fc,0.0,0.0,0.0,0.0,0.0,MF
234,Kevin De Bruyne,MF,be Belgium,34.0,1.it Napoli,1991.0,5.0,5.0,382.0,4.2,1.0,0.0,1.0,1.0,0.0,0.0,1.0,0.0,e46012d4,0.0,0.24,0.24,0.24,0.24,N/A
235,Maxim De Cuyper,DF,be Belgium,25.0,1.eng Brighton,2000.0,6.0,5.0,442.0,4.9,0.0,0.0,0.0,0.0,0.0,0.0,1.0,0.0,d494882e,0.0,0.0,0.0,0.0,0.0,N/A
236,Luc De Fougerolles,DF,ca Canada,20.0,1.eng Fulham,2005.0,5.0,4.0,372.0,4.1,0.0,0.0,0.0,0.0,0.0,0.0,2.0,0.0,45c427ff,0.0,0.0,0.0,0.0,0.0,N/A
237,Charles De Ketelaere,FW,be Belgium,25.0,1.it Atalanta,2001.0,5.0,5.0,350.0,3.9,3.0,1.0,4.0,3.0,0.0,0.0,0.0,0.0,2ef7c612,0.26,1.03,0.77,0.77,1.03,MF
238,Nicolás De La Cruz,MF,uy Uruguay,29.0,1.br Flamengo,1997.0,3.0,0.0,86.0,1.0,0.0,0.0,0.0,0.0,0.0,0.0,1.0,0.0,8fda5c72,0.0,0.0,0.0,0.0,0.0,N/A
239,Rodrigo De Paul,MF,ar Argentina,32.0,1.us Inter Miami,1994.0,7.0,6.0,491.0,5.5,0.0,1.0,1.0,0.0,0.0,0.0,1.0,0.0,162efffd,0.18,0.18,0.0,0.0,0.18,N/A
240,Amar Dedić,DF,ba Bosnia–Herz,23.0,1.pt Benfica,2002.0,3.0,3.0,270.0,3.0,0.0,0.0,0.0,0.0,0.0,0.0,1.0,0.0,bc6e544a,0.0,0.0,0.0,0.0,0.0,N/A
241,Louicius Deedson,MF,ht Haiti,25.0,1.us FC Dallas,2001.0,3.0,1.0,112.0,1.2,0.0,0.0,0.0,0.0,0.0,0.0,0.0,0.0,f7059bb1,0.0,0.0,0.0,0.0,0.0,N/A
242,Hannes Delcroix,DF,ht Haiti,27.0,1.ch Lugano,1999.0,3.0,3.0,270.0,3.0,0.0,0.0,0.0,0.0,0.0,0.0,0.0,0.0,b737f944,0.0,0.0,0.0,0.0,0.0,N/A
243,Ousmane Dembélé,MF,fr France,29.0,1.fr PSG,1997.0,8.0,7.0,592.0,6.6,6.0,2.0,8.0,6.0,0.0,0.0,0.0,0.0,b19db005,0.3,1.22,0.91,0.91,1.22,N/A
244,Merih Demiral,DF,tr Türkiye,28.0,1.sa Al-Ahli,1998.0,2.0,2.0,180.0,2.0,0.0,0.0,0.0,0.0,0.0,0.0,0.0,0.0,e3cceee6,0.0,0.0,0.0,0.0,0.0,N/A
245,Ermedin Demirović,FW,ba Bosnia–Herz,28.0,1.de Stuttgart,1998.0,4.0,4.0,354.0,3.9,0.0,0.0,0.0,0.0,0.0,0.0,1.0,0.0,ed79b7d3,0.0,0.0,0.0,0.0,0.0,N/A
246,Sergiño Dest,MF,us United States,25.0,1.nl PSV,2000.0,5.0,4.0,297.0,3.3,0.0,0.0,0.0,0.0,0.0,0.0,0.0,0.0,5976f83e,0.0,0.0,0.0,0.0,0.0,N/A
247,Frans Dhia Putros,DF,iq Iraq,32.0,1.id Persib Bandung,1993.0,1.0,1.0,90.0,1.0,0.0,0.0,0.0,0.0,0.0,0.0,0.0,0.0,0102aa7e,0.0,0.0,0.0,0.0,0.0,N/A
248,Oumar Diakité,FW,ci Côte d'Ivoire,22.0,1.be Cercle Brugge,2003.0,2.0,0.0,28.0,0.3,0.0,0.0,0.0,0.0,0.0,0.0,0.0,0.0,44435c8f,0.0,0.0,0.0,0.0,0.0,N/A
249,Amad Diallo,MF,ci Côte d'Ivoire,23.0,1.eng Manchester Utd,2002.0,4.0,2.0,185.0,2.1,2.0,0.0,2.0,2.0,0.0,0.0,0.0,0.0,9dc96f10,0.0,0.97,0.97,0.97,0.97,FW
250,Assane Diao,MF,sn Senegal,20.0,1.it Como,2005.0,1.0,0.0,10.0,0.1,0.0,0.0,0.0,0.0,0.0,0.0,0.0,0.0,8ae7d0ec,0.0,0.0,0.0,0.0,0.0,N/A
251,Habib Diarra,MF,sn Senegal,22.0,1.eng Sunderland,2004.0,3.0,2.0,143.0,1.6,2.0,0.0,2.0,2.0,0.0,0.0,0.0,0.0,6d0fe035,0.0,1.26,1.26,1.26,1.26,N/A
252,Rúben Dias,DF,pt Portugal,29.0,1.eng Manchester City,1997.0,4.0,4.0,360.0,4.0,0.0,0.0,0.0,0.0,0.0,0.0,1.0,0.0,31c69ef1,0.0,0.0,0.0,0.0,0.0,N/A
253,Krépin Diatta,DF,sn Senegal,27.0,1.fr Monaco,1999.0,4.0,4.0,390.0,4.3,0.0,0.0,0.0,0.0,0.0,0.0,0.0,0.0,8104e41e,0.0,0.0,0.0,0.0,0.0,N/A
254,Mory Diaw,GK,sn Senegal,32.0,1.fr Le Havre,1993.0,3.0,2.0,238.0,2.6,0.0,0.0,0.0,0.0,0.0,0.0,0.0,0.0,f41a69e6,0.0,0.0,0.0,0.0,0.0,N/A
255,Brahim Díaz,MF,ma Morocco,26.0,1.es Real Madrid,1999.0,6.0,6.0,457.0,5.1,0.0,4.0,4.0,0.0,0.0,0.0,0.0,0.0,407feb71,0.79,0.79,0.0,0.0,0.79,N/A
256,Ismael Díaz,FW,pa Panama,29.0,1.mx León,1997.0,2.0,0.0,37.0,0.4,0.0,0.0,0.0,0.0,0.0,0.0,0.0,0.0,f2a276d1,0.0,0.0,0.0,0.0,0.0,MF
257,Luis Díaz,FW,co Colombia,29.0,1.de Bayern Munich,1997.0,5.0,5.0,478.0,5.3,1.0,1.0,2.0,1.0,0.0,0.0,0.0,0.0,4a1a9578,0.19,0.38,0.19,0.19,0.38,MF
258,Bamba Dieng,FW,sn Senegal,26.0,1.fr Lorient,2000.0,1.0,0.0,8.0,0.1,0.0,0.0,0.0,0.0,0.0,0.0,0.0,0.0,40774c6b,0.0,0.0,0.0,0.0,0.0,N/A
259,Lucas Digne,DF,fr France,32.0,1.eng Aston Villa,1993.0,6.0,5.0,463.0,5.1,0.0,0.0,0.0,0.0,0.0,0.0,0.0,0.0,1b84dbe1,0.0,0.0,0.0,0.0,0.0,N/A
260,Diney,DF,cv Cabo Verde,31.0,1.ae Al Bataeh,1995.0,4.0,4.0,390.0,4.3,0.0,0.0,0.0,0.0,0.0,0.0,1.0,0.0,d2e33ba2,0.0,0.0,0.0,0.0,0.0,N/A
261,Ousmane Diomande,DF,ci Côte d'Ivoire,22.0,1.pt Sporting CP,2003.0,1.0,1.0,90.0,1.0,0.0,0.0,0.0,0.0,0.0,0.0,0.0,0.0,394be156,0.0,0.0,0.0,0.0,0.0,N/A
262,Yan Diomandé,MF,ci Côte d'Ivoire,19.0,1.de RB Leipzig,2006.0,4.0,4.0,329.0,3.7,0.0,1.0,1.0,0.0,0.0,0.0,0.0,0.0,919f5f54,0.27,0.27,0.0,0.0,0.27,FW
263,Issa Diop,DF,ma Morocco,29.0,1.eng Fulham,1997.0,5.0,5.0,476.0,5.3,1.0,0.0,1.0,1.0,0.0,0.0,3.0,0.0,a712ca2b,0.0,0.19,0.19,0.19,0.19,N/A
264,El Hadji Malick Diouf,DF,sn Senegal,21.0,1.eng West Ham,2004.0,3.0,2.0,171.0,1.9,0.0,0.0,0.0,0.0,0.0,0.0,0.0,0.0,bd5eb2e5,0.0,0.0,0.0,0.0,0.0,N/A
265,Ritsu Doan,MF,jp Japan,27.0,1.de Frankfurt,1998.0,4.0,4.0,278.0,3.1,0.0,1.0,1.0,0.0,0.0,0.0,0.0,0.0,d01bbb6f,0.32,0.32,0.0,0.0,0.32,N/A
266,Jeremy Doku,MF,be Belgium,24.0,1.eng Manchester City,2002.0,5.0,4.0,309.0,3.4,0.0,0.0,0.0,0.0,0.0,0.0,0.0,0.0,fffea3e5,0.0,0.0,0.0,0.0,0.0,N/A
267,Merchas Doski,DF,iq Iraq,26.0,1.cz Viktoria Plzeň,1999.0,3.0,3.0,270.0,3.0,0.0,0.0,0.0,0.0,0.0,0.0,1.0,0.0,fdf4cfe5,0.0,0.0,0.0,0.0,0.0,N/A
268,David Douděra,MF,cz Czechia,28.0,1.cz Slavia Prague,1998.0,1.0,1.0,90.0,1.0,0.0,0.0,0.0,0.0,0.0,0.0,0.0,0.0,e95b4604,0.0,0.0,0.0,0.0,0.0,N/A
269,Désiré Doué,MF,fr France,21.0,1.fr PSG,2005.0,8.0,4.0,400.0,4.4,1.0,1.0,2.0,1.0,0.0,0.0,0.0,0.0,9e7483ff,0.23,0.45,0.23,0.23,0.45,N/A
270,Guéla Doué,DF,ci Côte d'Ivoire,23.0,1.fr Strasbourg,2002.0,4.0,3.0,277.0,3.1,0.0,0.0,0.0,0.0,0.0,0.0,1.0,0.0,b4ef3fb5,0.0,0.0,0.0,0.0,0.0,N/A
271,Deroy Duarte,MF,cv Cabo Verde,26.0,1.bg Ludogorets,1999.0,4.0,2.0,264.0,2.9,1.0,0.0,1.0,1.0,0.0,0.0,0.0,0.0,6af8fc5b,0.0,0.34,0.34,0.34,0.34,N/A
272,Laros Duarte,MF,cv Cabo Verde,29.0,1.hu Puskás Akad.,1997.0,4.0,2.0,166.0,1.8,0.0,0.0,0.0,0.0,0.0,0.0,0.0,0.0,4af3d3c8,0.0,0.0,0.0,0.0,0.0,N/A
273,Denzel Dumfries,DF,nl Netherlands,30.0,1.it Inter,1996.0,4.0,4.0,390.0,4.3,0.0,2.0,2.0,0.0,0.0,0.0,0.0,0.0,481c9ece,0.46,0.46,0.0,0.0,0.46,MF
274,Jean-Kevin Duverne,DF,ht Haiti,28.0,1.be Gent,1997.0,2.0,2.0,169.0,1.9,0.0,1.0,1.0,0.0,0.0,0.0,0.0,0.0,0cbc8baa,0.53,0.53,0.0,0.0,0.53,N/A
275,Lyndon Dykes,FW,sct Scotland,30.0,2.eng Charlton Athletic,1995.0,2.0,0.0,36.0,0.4,0.0,0.0,0.0,0.0,0.0,0.0,0.0,0.0,cd92357a,0.0,0.0,0.0,0.0,0.0,MF
276,Edin Džeko,FW,ba Bosnia–Herz,40.0,2.de Schalke 04,1986.0,3.0,3.0,176.0,2.0,0.0,0.0,0.0,0.0,0.0,0.0,1.0,0.0,3bb7f478,0.0,0.0,0.0,0.0,0.0,N/A
277,Roshon van Eijma,DF,cw Curaçao,28.0,2.nl RKC Waalwijk,1998.0,1.0,0.0,15.0,0.2,0.0,0.0,0.0,0.0,0.0,0.0,0.0,0.0,130368de,0.0,0.0,0.0,0.0,0.0,N/A
278,Anthony Elanga,MF,se Sweden,24.0,1.eng Newcastle,2002.0,4.0,2.0,217.0,2.4,2.0,0.0,2.0,2.0,0.0,0.0,0.0,0.0,2fba6108,0.0,0.83,0.83,0.83,0.83,FW
279,Meschak Elia,FW,cd Congo DR,28.0,1.tr Alanyaspor,1997.0,2.0,0.0,46.0,0.5,0.0,1.0,1.0,0.0,0.0,0.0,0.0,0.0,5d51b074,1.96,1.96,0.0,0.0,1.96,MF
280,Callan Elliot,DF,nz New Zealand,26.0,1.au Auckland FC,1999.0,1.0,0.0,13.0,0.1,0.0,0.0,0.0,0.0,0.0,0.0,0.0,0.0,9d6968a3,0.0,0.0,0.0,0.0,0.0,N/A
281,Eren Elmalı,DF,tr Türkiye,25.0,1.tr Galatasaray,2000.0,2.0,1.0,111.0,1.2,0.0,0.0,0.0,0.0,0.0,0.0,1.0,0.0,8eeb8ba4,0.0,0.0,0.0,0.0,0.0,N/A
282,Nico Elvedi,DF,ch Switzerland,29.0,1.de Gladbach,1996.0,6.0,6.0,600.0,6.7,0.0,0.0,0.0,0.0,0.0,0.0,1.0,0.0,48035304,0.0,0.0,0.0,0.0,0.0,N/A
283,Breel Embolo,FW,ch Switzerland,29.0,1.fr Rennes,1997.0,6.0,6.0,501.0,5.6,2.0,2.0,4.0,1.0,1.0,1.0,2.0,1.0,0b4f388a,0.36,0.72,0.36,0.18,0.54,N/A
284,Julio Enciso,FW,py Paraguay,22.0,1.fr Strasbourg,2004.0,5.0,5.0,386.0,4.3,1.0,2.0,3.0,1.0,0.0,0.0,0.0,0.0,9cfbad36,0.47,0.7,0.23,0.23,0.7,N/A
285,Endrick,FW,br Brazil,19.0,1.fr Lyon,2006.0,4.0,0.0,114.0,1.3,0.0,0.0,0.0,0.0,0.0,0.0,0.0,0.0,a2728fbf,0.0,0.0,0.0,0.0,0.0,N/A
286,Sherzod Esanov,MF,uz Uzbekistan,23.0,1.uz FK Bukhara Nurafshon,2003.0,1.0,0.0,1.0,0.0,0.0,0.0,0.0,0.0,0.0,0.0,0.0,0.0,bd6667ba,0.0,0.0,0.0,0.0,0.0,N/A
287,Fidel Escobar,DF,pa Panama,31.0,1.cr Saprissa,1995.0,1.0,1.0,90.0,1.0,0.0,0.0,0.0,0.0,0.0,0.0,0.0,0.0,4991ec66,0.0,0.0,0.0,0.0,0.0,N/A
288,Pervis Estupiñán,MF,ec Ecuador,28.0,1.it Milan,1998.0,2.0,1.0,89.0,1.0,0.0,0.0,0.0,0.0,0.0,0.0,0.0,0.0,d38fdf53,0.0,0.0,0.0,0.0,0.0,N/A
289,Derrick Etienne,FW,ht Haiti,29.0,1.us Toronto FC,1996.0,1.0,0.0,10.0,0.1,0.0,0.0,0.0,0.0,0.0,0.0,0.0,0.0,59059f1e,0.0,0.0,0.0,0.0,0.0,MF
290,Stephen Eustáquio,MF,ca Canada,29.0,1.pt Porto,1996.0,5.0,4.0,392.0,4.4,1.0,0.0,1.0,1.0,0.0,0.0,0.0,0.0,577efaec,0.0,0.23,0.23,0.23,0.23,N/A
291,Martin Expérience,DF,ht Haiti,27.0,2.fr Nancy,1999.0,3.0,3.0,270.0,3.0,0.0,0.0,0.0,0.0,0.0,0.0,0.0,0.0,9edb83f4,0.0,0.0,0.0,0.0,0.0,MF
292,Saeid Ezatolahi,MF,ir IR Iran,29.0,1.ae Al-Ahli Dubai FC,1996.0,3.0,3.0,264.0,2.9,0.0,0.0,0.0,0.0,0.0,0.0,2.0,0.0,314d95ac,0.0,0.0,0.0,0.0,0.0,N/A
293,Eberechi Eze,MF,eng England,27.0,1.eng Arsenal,1998.0,5.0,1.0,211.0,2.3,0.0,1.0,1.0,0.0,0.0,0.0,0.0,0.0,ae4fc6a4,0.43,0.43,0.0,0.0,0.43,N/A
294,Fabinho,DF,br Brazil,32.0,1.sa Al-Ittihad,1993.0,3.0,0.0,71.0,0.8,0.0,0.0,0.0,0.0,0.0,0.0,1.0,0.0,7f3b388c,0.0,0.0,0.0,0.0,0.0,MF
295,José Fajardo,FW,pa Panama,32.0,1.ec Univ Católica,1993.0,3.0,1.0,155.0,1.7,0.0,0.0,0.0,0.0,0.0,0.0,1.0,0.0,682e47b3,0.0,0.0,0.0,0.0,0.0,N/A
296,Odeh Al-Fakhouri,MF,jo Jordan,20.0,1.eg Pyramids FC,2005.0,3.0,2.0,148.0,1.6,0.0,0.0,0.0,0.0,0.0,0.0,0.0,0.0,30591ae5,0.0,0.0,0.0,0.0,0.0,FW
297,Henrik Falchener,DF,no Norway,23.0,1.no Viking,2003.0,1.0,1.0,65.0,0.7,0.0,0.0,0.0,0.0,0.0,0.0,0.0,0.0,57fe6b9b,0.0,0.0,0.0,0.0,0.0,N/A
298,Marko Farji,MF,iq Iraq,22.0,2.it Venezia,2004.0,2.0,0.0,54.0,0.6,0.0,0.0,0.0,0.0,0.0,0.0,0.0,0.0,e046cff6,0.0,0.0,0.0,0.0,0.0,N/A
299,Christian Fassnacht,FW,ch Switzerland,32.0,1.ch Young Boys,1993.0,1.0,0.0,6.0,0.1,0.0,0.0,0.0,0.0,0.0,0.0,0.0,0.0,0aeeed3f,0.0,0.0,0.0,0.0,0.0,MF
300,Abdul Fatawu Issahaku,FW,gh Ghana,22.0,2.eng Leicester City,2004.0,4.0,0.0,132.0,1.5,0.0,0.0,0.0,0.0,0.0,0.0,1.0,0.0,bceda5ff,0.0,0.0,0.0,0.0,0.0,MF
301,Ahmed Fathy,MF,qa Qatar,33.0,1.qa Al-Arabi,1993.0,3.0,1.0,150.0,1.7,0.0,0.0,0.0,0.0,0.0,0.0,2.0,0.0,f2369793,0.0,0.0,0.0,0.0,0.0,N/A
302,Hamdy Fathy,DF,eg Egypt,31.0,1.qa Al-Wakrah,1994.0,4.0,3.0,238.0,2.6,0.0,0.0,0.0,0.0,0.0,0.0,1.0,0.0,c8ef4955,0.0,0.0,0.0,0.0,0.0,MF
303,Ahmed Fatouh,DF,eg Egypt,28.0,1.eg Zamalek SC,1998.0,3.0,3.0,267.0,3.0,0.0,0.0,0.0,0.0,0.0,0.0,1.0,0.0,de13286d,0.0,0.0,0.0,0.0,0.0,N/A
304,Abbosbek Fayzullayev,MF,uz Uzbekistan,22.0,1.tr Başakşehir,2003.0,3.0,3.0,220.0,2.4,1.0,0.0,1.0,1.0,0.0,0.0,0.0,0.0,ef1d36a1,0.0,0.41,0.41,0.41,0.41,N/A
305,João Félix,MF,pt Portugal,26.0,1.sa Al-Nassr,1999.0,3.0,3.0,201.0,2.2,0.0,0.0,0.0,0.0,0.0,0.0,0.0,0.0,8aafd64f,0.0,0.0,0.0,0.0,0.0,N/A
306,Lewis Ferguson,MF,sct Scotland,26.0,1.it Bologna,1999.0,3.0,3.0,270.0,3.0,0.0,0.0,0.0,0.0,0.0,0.0,0.0,0.0,ee64a822,0.0,0.0,0.0,0.0,0.0,N/A
307,Bruno Fernandes,MF,pt Portugal,31.0,1.eng Manchester Utd,1994.0,5.0,5.0,422.0,4.7,0.0,1.0,1.0,0.0,0.0,0.0,0.0,0.0,507c7bdf,0.21,0.21,0.0,0.0,0.21,N/A
308,Enzo Fernández,MF,ar Argentina,25.0,1.eng Chelsea,2001.0,7.0,7.0,659.0,7.3,2.0,0.0,2.0,2.0,0.0,0.0,2.0,1.0,5ff4ab71,0.0,0.27,0.27,0.27,0.27,N/A
309,Matias Fernandez-Pardo,FW,be Belgium,21.0,1.fr Lille,2005.0,3.0,0.0,44.0,0.5,0.0,0.0,0.0,0.0,0.0,0.0,0.0,0.0,0cdb6a2a,0.0,0.0,0.0,0.0,0.0,MF
310,Álvaro Fidalgo,MF,mx Mexico,29.0,1.es Real Betis,1997.0,3.0,1.0,96.0,1.1,1.0,0.0,1.0,1.0,0.0,0.0,0.0,0.0,c705cdc4,0.0,0.94,0.94,0.94,0.94,N/A
311,Sherel Floranus,DF,cw Curaçao,27.0,1.nl Zwolle,1998.0,3.0,3.0,270.0,3.0,0.0,0.0,0.0,0.0,0.0,0.0,0.0,0.0,5ad49fbb,0.0,0.0,0.0,0.0,0.0,N/A
312,Seko Fofana,MF,ci Côte d'Ivoire,31.0,1.pt Porto,1995.0,2.0,1.0,92.0,1.0,0.0,0.0,0.0,0.0,0.0,0.0,1.0,0.0,5313ed43,0.0,0.0,0.0,0.0,0.0,N/A
313,Yahia Fofana,GK,ci Côte d'Ivoire,25.0,1.tr Rizespor,2000.0,4.0,4.0,360.0,4.0,0.0,0.0,0.0,0.0,0.0,0.0,0.0,0.0,9d420dad,0.0,0.0,0.0,0.0,0.0,N/A
314,Deveron Fonville,DF,cw Curaçao,23.0,1.nl NEC Nijmegen,2003.0,3.0,3.0,241.0,2.7,0.0,0.0,0.0,0.0,0.0,0.0,0.0,0.0,21932982,0.0,0.0,0.0,0.0,0.0,N/A
315,Yassin Fortuné,FW,ht Haiti,27.0,2.pt Vizela,1999.0,1.0,0.0,6.0,0.1,0.0,0.0,0.0,0.0,0.0,0.0,0.0,0.0,ddcc9e22,0.0,0.0,0.0,0.0,0.0,MF
316,Lyle Foster,FW,za South Africa,25.0,1.eng Burnley,2000.0,1.0,1.0,55.0,0.6,0.0,0.0,0.0,0.0,0.0,0.0,0.0,0.0,f84a807c,0.0,0.0,0.0,0.0,0.0,N/A
317,Alan Franco,DF,ec Ecuador,27.0,1.br Atlético Mineiro,1998.0,4.0,4.0,251.0,2.8,0.0,0.0,0.0,0.0,0.0,0.0,2.0,0.0,c76b161b,0.0,0.0,0.0,0.0,0.0,N/A
318,Alex Freeman,DF,us United States,21.0,1.es Villarreal,2004.0,5.0,4.0,374.0,4.2,1.0,1.0,2.0,1.0,0.0,0.0,0.0,0.0,754f150b,0.24,0.48,0.24,0.24,0.48,N/A
319,Matt Freese,GK,us United States,27.0,1.us NYCFC,1998.0,4.0,4.0,360.0,4.0,0.0,0.0,0.0,0.0,0.0,0.0,0.0,0.0,2f49476c,0.0,0.0,0.0,0.0,0.0,N/A
320,Remo Freuler,MF,ch Switzerland,34.0,1.it Bologna,1992.0,6.0,6.0,592.0,6.6,0.0,0.0,0.0,0.0,0.0,0.0,0.0,0.0,98d2c2c4,0.0,0.0,0.0,0.0,0.0,N/A
321,Marco Friedl,DF,at Austria,28.0,1.de Werder Bremen,1998.0,1.0,0.0,24.0,0.3,0.0,0.0,0.0,0.0,0.0,0.0,0.0,0.0,f86ad3f5,0.0,0.0,0.0,0.0,0.0,N/A
322,Juriën Gaari,DF,cw Curaçao,32.0,2.sa Abha,1993.0,2.0,2.0,166.0,1.8,0.0,0.0,0.0,0.0,0.0,0.0,1.0,0.0,bf7a9d1a,0.0,0.0,0.0,0.0,0.0,N/A
323,Jassem Gaber,MF,qa Qatar,24.0,1.qa Al Rayyan SC,2002.0,3.0,3.0,149.0,1.7,0.0,0.0,0.0,0.0,0.0,0.0,1.0,0.0,af9ef8aa,0.0,0.0,0.0,0.0,0.0,N/A
324,Cody Gakpo,FW,nl Netherlands,27.0,1.eng Liverpool,1999.0,4.0,4.0,368.0,4.1,3.0,1.0,4.0,3.0,0.0,0.0,0.0,0.0,1971591f,0.24,0.98,0.73,0.73,0.98,N/A
325,Matías Galarza,MF,py Paraguay,24.0,1.us Atlanta Utd,2002.0,4.0,4.0,388.0,4.3,1.0,1.0,2.0,1.0,0.0,0.0,2.0,0.0,8e97a57b,0.23,0.46,0.23,0.23,0.46,N/A
326,Hernán Galíndez,GK,ec Ecuador,39.0,1.ar Huracán,1987.0,4.0,4.0,360.0,4.0,0.0,0.0,0.0,0.0,0.0,0.0,0.0,0.0,89c136f6,0.0,0.0,0.0,0.0,0.0,N/A
327,Jesús Gallardo,DF,mx Mexico,31.0,1.mx Toluca,1994.0,5.0,4.0,373.0,4.1,0.0,0.0,0.0,0.0,0.0,0.0,0.0,0.0,d0846b6c,0.0,0.0,0.0,0.0,0.0,N/A
328,Ahmed Al-Ganehi,FW,qa Qatar,25.0,1.qa Al-Gharafa Sports Club,2000.0,1.0,0.0,36.0,0.4,0.0,0.0,0.0,0.0,0.0,0.0,0.0,0.0,efcf04d2,0.0,0.0,0.0,0.0,0.0,N/A
329,Ben Gannon-Doak,MF,sct Scotland,20.0,1.eng Bournemouth,2005.0,3.0,2.0,186.0,2.1,0.0,0.0,0.0,0.0,0.0,0.0,0.0,0.0,733f1a7d,0.0,0.0,0.0,0.0,0.0,N/A
330,Eric García,DF,es Spain,25.0,1.es Barcelona,2001.0,1.0,0.0,22.0,0.2,0.0,0.0,0.0,0.0,0.0,0.0,0.0,0.0,2bed3eab,0.0,0.0,0.0,0.0,0.0,MF
331,Gavi,FW,es Spain,21.0,1.es Barcelona,2004.0,2.0,1.0,76.0,0.8,0.0,0.0,0.0,0.0,0.0,0.0,0.0,0.0,19cae58d,0.0,0.0,0.0,0.0,0.0,N/A
332,Jason Geria,DF,au Australia,33.0,2.jp Albirex Niigata,1993.0,2.0,0.0,62.0,0.7,0.0,0.0,0.0,0.0,0.0,0.0,0.0,0.0,cd494a8d,0.0,0.0,0.0,0.0,0.0,N/A
333,Khalid Al Ghannam,MF,sa Saudi Arabia,25.0,1.sa Al-Ettifaq,2000.0,1.0,0.0,1.0,0.0,0.0,0.0,0.0,0.0,0.0,0.0,0.0,0.0,c16843c7,0.0,0.0,0.0,0.0,0.0,N/A
334,Ismaël Gharbi,MF,tn Tunisia,22.0,1.de Augsburg,2004.0,3.0,1.0,127.0,1.4,0.0,0.0,0.0,0.0,0.0,0.0,0.0,0.0,5b3cfa12,0.0,0.0,0.0,0.0,0.0,N/A
335,Mehdi Ghayedi,FW,ir IR Iran,27.0,1.ae Al-Nasr Dubai,1998.0,1.0,0.0,45.0,0.5,0.0,0.0,0.0,0.0,0.0,0.0,0.0,0.0,b6c90b4b,0.0,0.0,0.0,0.0,0.0,N/A
336,Farés Ghedjemis,FW,dz Algeria,23.0,2.it Frosinone,2002.0,1.0,0.0,1.0,0.0,0.0,0.0,0.0,0.0,0.0,0.0,0.0,0.0,14aac43e,0.0,0.0,0.0,0.0,0.0,MF
337,Saman Ghoddos,MF,ir IR Iran,32.0,1.ae Al-Ittihad Kalba,1993.0,3.0,3.0,208.0,2.3,0.0,0.0,0.0,0.0,0.0,0.0,0.0,0.0,f7b1d4e0,0.0,0.0,0.0,0.0,0.0,N/A
338,Mohammad Ghorbani,MF,ir IR Iran,25.0,1.ae Al-Wahda FC,2001.0,1.0,1.0,90.0,1.0,0.0,0.0,0.0,0.0,0.0,0.0,0.0,0.0,4a078e18,0.0,0.0,0.0,0.0,0.0,N/A
339,Lee Gi-hyuk,DF,kr Korea Republic,25.0,1.kr Gangwon FC,2000.0,3.0,3.0,270.0,3.0,0.0,0.0,0.0,0.0,0.0,0.0,1.0,0.0,18c8c3c7,0.0,0.0,0.0,0.0,0.0,N/A
340,Armin Gigovic,MF,ba Bosnia–Herz,24.0,1.ch Young Boys,2002.0,2.0,1.0,79.0,0.9,0.0,0.0,0.0,0.0,0.0,0.0,0.0,0.0,d0a0858e,0.0,0.0,0.0,0.0,0.0,N/A
341,Orlando Gill,GK,py Paraguay,26.0,1.py San Lorenzo,2000.0,5.0,5.0,480.0,5.3,0.0,0.0,0.0,0.0,0.0,0.0,0.0,0.0,0d425331,0.0,0.0,0.0,0.0,0.0,N/A
342,Santiago Giménez,FW,mx Mexico,25.0,1.it Milan,2001.0,4.0,0.0,86.0,1.0,0.0,0.0,0.0,0.0,0.0,0.0,0.0,0.0,37337aea,0.0,0.0,0.0,0.0,0.0,N/A
343,Aníbal Godoy,MF,pa Panama,36.0,1.us San Diego FC,1990.0,1.0,0.0,1.0,0.0,0.0,0.0,0.0,0.0,0.0,0.0,0.0,0.0,2d496ca3,0.0,0.0,0.0,0.0,0.0,N/A
344,Andrés Gómez,MF,co Colombia,23.0,1.br Vasco da Gama,2002.0,1.0,0.0,1.0,0.0,0.0,0.0,0.0,0.0,0.0,0.0,0.0,0.0,76a82373,0.0,0.0,0.0,0.0,0.0,N/A
345,Diego Gómez,MF,py Paraguay,23.0,1.eng Brighton,2003.0,4.0,4.0,304.0,3.4,0.0,0.0,0.0,0.0,0.0,0.0,2.0,0.0,916728da,0.0,0.0,0.0,0.0,0.0,N/A
346,Gustavo Gómez,DF,py Paraguay,33.0,1.br Palmeiras,1993.0,5.0,5.0,480.0,5.3,0.0,0.0,0.0,0.0,0.0,0.0,0.0,0.0,d5ce52a5,0.0,0.0,0.0,0.0,0.0,N/A
347,Armando González,FW,mx Mexico,23.0,1.mx Guadalajara,2003.0,1.0,0.0,15.0,0.2,0.0,0.0,0.0,0.0,0.0,0.0,0.0,0.0,1278bc9a,0.0,0.0,0.0,0.0,0.0,N/A
348,Nicolás González,MF,ar Argentina,28.0,1.es Atlético Madrid,1998.0,7.0,1.0,259.0,2.9,0.0,1.0,1.0,0.0,0.0,0.0,0.0,0.0,2374aaca,0.35,0.35,0.0,0.0,0.35,N/A
349,Anthony Gordon,MF,eng England,25.0,1.es Barcelona,2001.0,6.0,5.0,396.0,4.4,1.0,3.0,4.0,1.0,0.0,0.0,0.0,0.0,2bd83368,0.68,0.91,0.23,0.23,0.91,N/A
350,Leon Goretzka,MF,de Germany,31.0,1.de Bayern Munich,1995.0,3.0,0.0,99.0,1.1,0.0,0.0,0.0,0.0,0.0,0.0,0.0,0.0,cc86b9a3,0.0,0.0,0.0,0.0,0.0,N/A
351,Kenji Gorré,FW,cw Curaçao,31.0,1.il Maccabi Haifa,1994.0,1.0,0.0,16.0,0.2,0.0,0.0,0.0,0.0,0.0,0.0,0.0,0.0,52d1a4c6,0.0,0.0,0.0,0.0,0.0,MF
352,Keisuke Gotō,FW,jp Japan,21.0,1.be Sint-Truiden,2005.0,1.0,0.0,7.0,0.1,0.0,0.0,0.0,0.0,0.0,0.0,0.0,0.0,82a2ca86,0.0,0.0,0.0,0.0,0.0,N/A
353,Amine Gouiri,FW,dz Algeria,26.0,1.fr Marseille,2000.0,4.0,3.0,251.0,2.8,1.0,0.0,1.0,1.0,0.0,0.0,0.0,0.0,aad56ca3,0.0,0.36,0.36,0.36,0.36,N/A
354,Ryan Gravenberch,MF,nl Netherlands,24.0,1.eng Liverpool,2002.0,4.0,4.0,345.0,3.8,0.0,2.0,2.0,0.0,0.0,0.0,0.0,0.0,b8e740fb,0.52,0.52,0.0,0.0,0.52,N/A
355,Michael Gregoritsch,FW,at Austria,32.0,1.de Augsburg,1994.0,3.0,2.0,188.0,2.1,0.0,1.0,1.0,0.0,0.0,0.0,0.0,0.0,8e235926,0.48,0.48,0.0,0.0,0.48,N/A
356,Florian Grillitsch,DF,at Austria,30.0,1.pt Braga,1995.0,2.0,0.0,90.0,1.0,0.0,0.0,0.0,0.0,0.0,0.0,0.0,0.0,ffbbc83b,0.0,0.0,0.0,0.0,0.0,MF
357,Pascal Groß,DF,de Germany,34.0,1.eng Brighton,1991.0,1.0,0.0,18.0,0.2,0.0,0.0,0.0,0.0,0.0,0.0,0.0,0.0,8aec0537,0.0,0.0,0.0,0.0,0.0,MF
358,Gabriel Gudmundsson,MF,se Sweden,27.0,1.eng Leeds United,1999.0,4.0,4.0,330.0,3.7,0.0,0.0,0.0,0.0,0.0,0.0,1.0,0.0,d5d22a58,0.0,0.0,0.0,0.0,0.0,DF
359,Cho Gue-sung,FW,kr Korea Republic,28.0,1.dk Midtjylland,1998.0,2.0,0.0,31.0,0.3,0.0,0.0,0.0,0.0,0.0,0.0,1.0,0.0,ccfa8e5e,0.0,0.0,0.0,0.0,0.0,N/A
360,Marc Guéhi,DF,eng England,25.0,1.eng Manchester City,2000.0,8.0,7.0,663.0,7.4,0.0,0.0,0.0,0.0,0.0,0.0,1.0,0.0,d0706b27,0.0,0.0,0.0,0.0,0.0,N/A
361,Evann Guessand,FW,ci Côte d'Ivoire,24.0,1.eng Crystal Palace,2001.0,2.0,0.0,17.0,0.2,0.0,0.0,0.0,0.0,0.0,0.0,0.0,0.0,b73f17f8,0.0,0.0,0.0,0.0,0.0,MF
362,Idrissa Gueye,MF,sn Senegal,36.0,1.eng Everton,1989.0,4.0,4.0,361.0,4.0,0.0,0.0,0.0,0.0,0.0,0.0,0.0,0.0,72c812f3,0.0,0.0,0.0,0.0,0.0,N/A
363,Pape Gueye,MF,sn Senegal,27.0,1.es Villarreal,1999.0,4.0,3.0,234.0,2.6,2.0,1.0,3.0,2.0,0.0,0.0,1.0,0.0,7155e3e1,0.38,1.15,0.77,0.77,1.15,N/A
364,Bruno Guimarães,MF,br Brazil,28.0,1.eng Newcastle,1997.0,5.0,5.0,416.0,4.6,0.0,4.0,4.0,0.0,0.0,1.0,0.0,0.0,82518f62,0.87,0.87,0.0,0.0,0.87,N/A
365,Deniz Gül,FW,tr Türkiye,21.0,1.pt Porto,2004.0,2.0,0.0,37.0,0.4,0.0,0.0,0.0,0.0,0.0,0.0,0.0,0.0,f0fb443e,0.0,0.0,0.0,0.0,0.0,N/A
366,Arda Güler,MF,tr Türkiye,21.0,1.es Real Madrid,2005.0,3.0,3.0,270.0,3.0,1.0,0.0,1.0,1.0,0.0,0.0,0.0,0.0,3741ca58,0.0,0.33,0.33,0.33,0.33,N/A
367,Angus Gunn,GK,sct Scotland,30.0,1.eng Nottingham,1996.0,3.0,3.0,270.0,3.0,0.0,0.0,0.0,0.0,0.0,0.0,0.0,0.0,e082af5b,0.0,0.0,0.0,0.0,0.0,N/A
368,Malo Gusto,DF,fr France,23.0,1.eng Chelsea,2003.0,5.0,1.0,121.0,1.3,0.0,0.0,0.0,0.0,0.0,0.0,0.0,0.0,d56b9520,0.0,0.0,0.0,0.0,0.0,N/A
369,Brian Gutiérrez,MF,mx Mexico,22.0,1.mx Guadalajara,2003.0,4.0,2.0,198.0,2.2,0.0,0.0,0.0,0.0,0.0,0.0,1.0,0.0,d88f31db,0.0,0.0,0.0,0.0,0.0,N/A
370,Jorge Gutiérrez,DF,pa Panama,27.0,1.ve Dep. La Guaira,1998.0,1.0,1.0,87.0,1.0,0.0,0.0,0.0,0.0,0.0,0.0,0.0,0.0,56f6d192,0.0,0.0,0.0,0.0,0.0,N/A
371,Joško Gvardiol,DF,hr Croatia,24.0,1.eng Manchester City,2002.0,4.0,2.0,139.0,1.5,0.0,0.0,0.0,0.0,0.0,0.0,0.0,0.0,5ad50391,0.0,0.0,0.0,0.0,0.0,N/A
372,Viktor Gyökeres,FW,se Sweden,28.0,1.eng Arsenal,1998.0,4.0,4.0,360.0,4.0,1.0,2.0,3.0,1.0,0.0,0.0,1.0,0.0,4d5a9185,0.5,0.75,0.25,0.25,0.75,N/A
373,Aziz Gʻaniyev,MF,uz Uzbekistan,28.0,,1998.0,2.0,1.0,122.0,1.4,0.0,0.0,0.0,0.0,0.0,0.0,0.0,0.0,0c492054,0.0,0.0,0.0,0.0,0.0,N/A
374,Erling Haaland,FW,no Norway,25.0,1.eng Manchester City,2000.0,5.0,5.0,465.0,5.2,7.0,0.0,7.0,7.0,0.0,0.0,0.0,0.0,1f44ac21,0.0,1.35,1.35,1.35,1.35,N/A
375,Ihsan Haddad,DF,jo Jordan,32.0,1.jo Al-Hussein SC,1994.0,3.0,3.0,260.0,2.9,0.0,1.0,1.0,0.0,0.0,0.0,0.0,0.0,85660a5d,0.35,0.35,0.0,0.0,0.35,N/A
376,Anis Hadj Moussa,MF,dz Algeria,24.0,1.nl Feyenoord,2002.0,3.0,1.0,98.0,1.1,0.0,0.0,0.0,0.0,0.0,0.0,0.0,0.0,7bc7eef2,0.0,0.0,0.0,0.0,0.0,N/A
377,Jaouen Hadjam,DF,dz Algeria,23.0,1.ch Young Boys,2003.0,3.0,1.0,109.0,1.2,0.0,0.0,0.0,0.0,0.0,0.0,0.0,0.0,576817b7,0.0,0.0,0.0,0.0,0.0,N/A
378,Amir Hadžiahmetović,MF,ba Bosnia–Herz,29.0,2.eng Hull City,1997.0,1.0,0.0,6.0,0.1,0.0,0.0,0.0,0.0,0.0,0.0,0.0,0.0,e8213ed3,0.0,0.0,0.0,0.0,0.0,N/A
379,Dennis Hadžikadunić,DF,ba Bosnia–Herz,27.0,2.it Sampdoria,1998.0,1.0,0.0,27.0,0.3,0.0,1.0,1.0,0.0,0.0,0.0,0.0,0.0,82cfae2a,3.33,3.33,0.0,0.0,3.33,N/A
380,Karim Hafez,DF,eg Egypt,30.0,1.eg Pyramids FC,1996.0,3.0,2.0,172.0,1.9,0.0,1.0,1.0,0.0,0.0,0.0,0.0,0.0,d2debf23,0.52,0.52,0.0,0.0,0.52,N/A
381,Ehsan Hajsafi,DF,ir IR Iran,36.0,1.ir Sepahan,1990.0,2.0,1.0,91.0,1.0,0.0,0.0,0.0,0.0,0.0,0.0,1.0,0.0,b060e3b8,0.0,0.0,0.0,0.0,0.0,N/A
382,Achraf Hakimi,DF,ma Morocco,27.0,1.fr PSG,1998.0,6.0,6.0,570.0,6.3,1.0,2.0,3.0,1.0,0.0,0.0,1.0,0.0,e42d61c7,0.32,0.47,0.16,0.16,0.47,N/A
383,Redouane Halhal,DF,ma Morocco,23.0,1.be Mechelen,2003.0,2.0,2.0,180.0,2.0,0.0,0.0,0.0,0.0,0.0,0.0,1.0,0.0,e17c2cec,0.0,0.0,0.0,0.0,0.0,N/A
384,Ali Al Hamadi,FW,iq Iraq,24.0,2.eng Ipswich Town,2002.0,3.0,2.0,180.0,2.0,0.0,0.0,0.0,0.0,0.0,0.0,0.0,0.0,8450467d,0.0,0.0,0.0,0.0,0.0,N/A
385,Abdullah Al-Hamdan,FW,sa Saudi Arabia,26.0,1.sa Al-Nassr,1999.0,3.0,0.0,71.0,0.8,0.0,0.0,0.0,0.0,0.0,0.0,0.0,0.0,cc4b5436,0.0,0.0,0.0,0.0,0.0,N/A
386,Mohamed Amine Ben Hamida,DF,tn Tunisia,30.0,1.tn Espérance Tunis,1995.0,3.0,2.0,202.0,2.2,0.0,0.0,0.0,0.0,0.0,0.0,0.0,0.0,2a5e8f82,0.0,0.0,0.0,0.0,0.0,N/A
387,Odiljon Hamrobekov,MF,uz Uzbekistan,30.0,1.ir Tractor,1996.0,2.0,1.0,77.0,0.9,0.0,0.0,0.0,0.0,0.0,0.0,1.0,0.0,03f63e77,0.0,0.0,0.0,0.0,0.0,N/A
388,Lee Han-beom,DF,kr Korea Republic,23.0,1.dk Midtjylland,2002.0,3.0,3.0,270.0,3.0,0.0,0.0,0.0,0.0,0.0,0.0,0.0,0.0,071f2dd3,0.0,0.0,0.0,0.0,0.0,N/A
389,Grant Hanley,DF,sct Scotland,34.0,1.sct Hibernian,1991.0,2.0,2.0,180.0,2.0,0.0,0.0,0.0,0.0,0.0,0.0,0.0,0.0,e9254eec,0.0,0.0,0.0,0.0,0.0,N/A
390,Sontje Hansen,FW,cw Curaçao,24.0,2.eng Middlesbrough,2002.0,1.0,1.0,45.0,0.5,0.0,0.0,0.0,0.0,0.0,0.0,0.0,0.0,70bad10b,0.0,0.0,0.0,0.0,0.0,N/A
391,Mohamed Hany,DF,eg Egypt,30.0,1.eg Al Ahly,1996.0,5.0,5.0,480.0,5.3,0.0,1.0,1.0,0.0,0.0,0.0,0.0,0.0,9bcf1513,0.19,0.19,0.0,0.0,0.19,N/A
392,Moteb Al-Harbi,DF,sa Saudi Arabia,26.0,1.sa Al-Hilal,2000.0,3.0,2.0,188.0,2.1,0.0,0.0,0.0,0.0,0.0,0.0,0.0,0.0,1d88554c,0.0,0.0,0.0,0.0,0.0,N/A
393,Saleh Hardani,DF,ir IR Iran,27.0,1.ir Esteghlal,1998.0,2.0,1.0,90.0,1.0,0.0,0.0,0.0,0.0,0.0,0.0,0.0,0.0,3a9b682b,0.0,0.0,0.0,0.0,0.0,N/A
394,Carlos Harvey,MF,pa Panama,26.0,1.us Minnesota Utd,2000.0,3.0,3.0,267.0,3.0,0.0,0.0,0.0,0.0,0.0,0.0,1.0,0.0,3f18600c,0.0,0.0,0.0,0.0,0.0,N/A
395,Akam Hashim,DF,iq Iraq,27.0,1.iq Al-Zawra'a SC,1998.0,3.0,3.0,270.0,3.0,0.0,0.0,0.0,0.0,0.0,0.0,0.0,0.0,f8416e89,0.0,0.0,0.0,0.0,0.0,N/A
396,Haissem Hassan,MF,eg Egypt,24.0,1.es Oviedo,2002.0,2.0,1.0,126.0,1.4,0.0,1.0,1.0,0.0,0.0,0.0,2.0,0.0,e0979e74,0.71,0.71,0.0,0.0,0.71,N/A
397,Jalal Hassan,GK,iq Iraq,35.0,1.iq Al-Zawra'a SC,1991.0,2.0,1.0,135.0,1.5,0.0,0.0,0.0,0.0,0.0,0.0,0.0,0.0,87351c2e,0.0,0.0,0.0,0.0,0.0,N/A
398,Abdulaziz Hatem,MF,qa Qatar,36.0,1.qa Al Rayyan SC,1990.0,1.0,0.0,45.0,0.5,0.0,0.0,0.0,0.0,0.0,0.0,0.0,0.0,c5065ef8,0.0,0.0,0.0,0.0,0.0,N/A
399,Jorrel Hato,DF,nl Netherlands,20.0,1.eng Chelsea,2006.0,1.0,0.0,35.0,0.4,0.0,0.0,0.0,0.0,0.0,0.0,0.0,0.0,bde35051,0.0,0.0,0.0,0.0,0.0,N/A
400,Kai Havertz,FW,de Germany,27.0,1.eng Arsenal,1999.0,4.0,4.0,353.0,3.9,3.0,0.0,3.0,2.0,1.0,1.0,1.0,0.0,fed7cb61,0.0,0.76,0.76,0.51,0.51,N/A
401,Hassan Al-Haydos,MF,qa Qatar,35.0,1.qa Al Sadd,1990.0,2.0,1.0,57.0,0.6,1.0,0.0,1.0,1.0,0.0,0.0,0.0,0.0,41bd6c64,0.0,1.58,1.58,1.58,1.58,N/A
402,Jan Paul van Hecke,DF,nl Netherlands,26.0,1.eng Brighton,2000.0,4.0,4.0,390.0,4.3,1.0,0.0,1.0,1.0,0.0,0.0,0.0,0.0,4fd08daa,0.0,0.23,0.23,0.23,0.23,N/A
403,Hwang Hee-chan,FW,kr Korea Republic,30.0,1.eng Wolves,1996.0,3.0,1.0,108.0,1.2,0.0,0.0,0.0,0.0,0.0,0.0,0.0,0.0,169fd162,0.0,0.0,0.0,0.0,0.0,N/A
404,Torbjørn Heggem,DF,no Norway,27.0,1.it Bologna,1999.0,5.0,5.0,443.0,4.9,0.0,0.0,0.0,0.0,0.0,0.0,0.0,0.0,834fea76,0.0,0.0,0.0,0.0,0.0,N/A
405,Alaa Al Hejji,MF,sa Saudi Arabia,30.0,1.sa Neom,1995.0,2.0,0.0,32.0,0.4,0.0,0.0,0.0,0.0,0.0,0.0,0.0,0.0,6d258576,0.0,0.0,0.0,0.0,0.0,N/A
406,Dean Henderson,GK,eng England,29.0,1.eng Crystal Palace,1997.0,1.0,1.0,90.0,1.0,0.0,0.0,0.0,0.0,0.0,0.0,0.0,0.0,e5a76dfe,0.0,0.0,0.0,0.0,0.0,N/A
407,Jordan Henderson,MF,eng England,35.0,1.eng Brentford,1990.0,1.0,0.0,7.0,0.1,0.0,0.0,0.0,0.0,0.0,0.0,1.0,0.0,935e6b8f,0.0,0.0,0.0,0.0,0.0,N/A
408,Jack Hendry,DF,sct Scotland,31.0,1.sa Al-Ettifaq,1995.0,3.0,3.0,270.0,3.0,0.0,0.0,0.0,0.0,0.0,0.0,0.0,0.0,ffed43e3,0.0,0.0,0.0,0.0,0.0,N/A
409,Luiz Henrique,FW,br Brazil,25.0,1.ru Zenit,2001.0,1.0,0.0,29.0,0.3,0.0,0.0,0.0,0.0,0.0,0.0,0.0,0.0,8059806f,0.0,0.0,0.0,0.0,0.0,MF
410,Theo Hernández,DF,fr France,28.0,1.sa Al-Hilal,1997.0,5.0,3.0,257.0,2.9,0.0,0.0,0.0,0.0,0.0,0.0,0.0,0.0,d4c9725f,0.0,0.0,0.0,0.0,0.0,N/A
411,Lucas Herrington,DF,au Australia,18.0,1.us Colorado Rapids,2007.0,2.0,2.0,210.0,2.3,0.0,0.0,0.0,0.0,0.0,0.0,0.0,0.0,6f808c85,0.0,0.0,0.0,0.0,0.0,N/A
412,Son Heung-min,FW,kr Korea Republic,33.0,1.us LAFC,1992.0,3.0,2.0,169.0,1.9,0.0,0.0,0.0,0.0,0.0,0.0,0.0,0.0,92e7e919,0.0,0.0,0.0,0.0,0.0,N/A
413,Aaron Hickey,DF,sct Scotland,24.0,1.eng Brentford,2002.0,1.0,1.0,74.0,0.8,0.0,0.0,0.0,0.0,0.0,0.0,1.0,0.0,1780bb4a,0.0,0.0,0.0,0.0,0.0,N/A
414,Isak Hien,DF,se Sweden,27.0,1.it Atalanta,1999.0,3.0,3.0,216.0,2.4,0.0,0.0,0.0,0.0,0.0,0.0,1.0,0.0,12806697,0.0,0.0,0.0,0.0,0.0,N/A
415,Piero Hincapié,DF,ec Ecuador,24.0,1.eng Arsenal,2002.0,4.0,4.0,339.0,3.8,0.0,0.0,0.0,0.0,0.0,0.0,1.0,1.0,0c7a48f8,0.0,0.0,0.0,0.0,0.0,N/A
416,Adam Hložek,FW,cz Czechia,23.0,1.de Hoffenheim,2002.0,3.0,2.0,156.0,1.7,0.0,0.0,0.0,0.0,0.0,0.0,0.0,0.0,5521f419,0.0,0.0,0.0,0.0,0.0,N/A
417,Tomáš Holeš,DF,cz Czechia,33.0,1.cz Slavia Prague,1993.0,2.0,2.0,153.0,1.7,0.0,0.0,0.0,0.0,0.0,0.0,0.0,0.0,e03c2d97,0.0,0.0,0.0,0.0,0.0,N/A
418,Amirhossein Hosseinzadeh,FW,ir IR Iran,25.0,1.ir Tractor,2000.0,2.0,0.0,17.0,0.2,0.0,0.0,0.0,0.0,0.0,0.0,0.0,0.0,47270f0c,0.0,0.0,0.0,0.0,0.0,N/A
419,Robin Hranáč,DF,cz Czechia,26.0,1.de Hoffenheim,2000.0,3.0,3.0,270.0,3.0,0.0,0.0,0.0,0.0,0.0,0.0,0.0,0.0,95d5aea2,0.0,0.0,0.0,0.0,0.0,N/A
420,Ajdin Hrustic,MF,au Australia,29.0,1.nl Heracles Almelo,1996.0,2.0,0.0,80.0,0.9,0.0,0.0,0.0,0.0,0.0,0.0,0.0,0.0,1f2d714c,0.0,0.0,0.0,0.0,0.0,N/A
421,César Huerta,FW,mx Mexico,25.0,1.be Anderlecht,2000.0,1.0,0.0,7.0,0.1,0.0,0.0,0.0,0.0,0.0,0.0,0.0,0.0,de2f44ce,0.0,0.0,0.0,0.0,0.0,MF
422,Al-Hashmi Al-Hussain,MF,qa Qatar,22.0,1.qa Al-Arabi,2003.0,1.0,0.0,32.0,0.4,0.0,0.0,0.0,0.0,0.0,0.0,0.0,0.0,c164fda2,0.0,0.0,0.0,0.0,0.0,N/A
423,Ayman Hussein,FW,iq Iraq,30.0,1.iq Al-Karma,1996.0,2.0,2.0,115.0,1.3,1.0,0.0,1.0,1.0,0.0,0.0,0.0,0.0,8b574de7,0.0,0.78,0.78,0.78,0.78,N/A
424,Oh Hyeon-gyu,FW,kr Korea Republic,25.0,1.tr Beşiktaş,2001.0,3.0,1.0,129.0,1.4,1.0,0.0,1.0,1.0,0.0,0.0,0.0,0.0,d25422fb,0.0,0.7,0.7,0.7,0.7,N/A
425,Yang Hyun-jun,FW,kr Korea Republic,24.0,1.sct Celtic,2002.0,1.0,0.0,20.0,0.2,0.0,0.0,0.0,0.0,0.0,0.0,0.0,0.0,f4cda99f,0.0,0.0,0.0,0.0,0.0,MF
426,Roger Ibanez,DF,br Brazil,27.0,1.sa Al-Ahli,1998.0,1.0,1.0,45.0,0.5,0.0,0.0,0.0,0.0,0.0,0.0,1.0,0.0,82efe6fa,0.0,0.0,0.0,0.0,0.0,N/A
427,Yasser Ibrahim,DF,eg Egypt,33.0,1.eg Al Ahly,1993.0,5.0,4.0,467.0,5.2,1.0,0.0,1.0,1.0,0.0,0.0,2.0,0.0,0b89ad1b,0.0,0.19,0.19,0.19,0.19,N/A
428,Borja Iglesias,FW,es Spain,33.0,1.es Celta Vigo,1993.0,1.0,0.0,1.0,0.0,0.0,0.0,0.0,0.0,0.0,0.0,0.0,0.0,75645f0e,0.0,0.0,0.0,0.0,0.0,N/A
429,Hwang In-beom,MF,kr Korea Republic,29.0,1.nl Feyenoord,1996.0,3.0,3.0,263.0,2.9,1.0,1.0,2.0,1.0,0.0,0.0,0.0,0.0,92fa5d28,0.34,0.68,0.34,0.34,0.68,N/A
430,Christ Inao Oulaï,MF,ci Côte d'Ivoire,20.0,1.tr Trabzonspor,2006.0,4.0,2.0,208.0,2.3,0.0,0.0,0.0,0.0,0.0,0.0,0.0,0.0,62709ee4,0.0,0.0,0.0,0.0,0.0,N/A
431,Zidane Iqbal,MF,iq Iraq,23.0,1.nl Utrecht,2003.0,3.0,2.0,188.0,2.1,0.0,0.0,0.0,0.0,0.0,0.0,0.0,0.0,6fa3c28e,0.0,0.0,0.0,0.0,0.0,N/A
432,Nestory Irankunda,FW,au Australia,20.0,2.eng Watford,2006.0,4.0,3.0,261.0,2.9,1.0,0.0,1.0,1.0,0.0,0.0,0.0,0.0,4ac730b2,0.0,0.34,0.34,0.34,0.34,MF
433,Jackson Irvine,MF,au Australia,33.0,1.de St Pauli,1993.0,4.0,2.0,223.0,2.5,0.0,0.0,0.0,0.0,0.0,0.0,1.0,0.0,4637747c,0.0,0.0,0.0,0.0,0.0,N/A
434,Alexander Isak,FW,se Sweden,26.0,1.eng Liverpool,1999.0,4.0,4.0,357.0,4.0,1.0,3.0,4.0,1.0,0.0,0.0,0.0,0.0,8e92be30,0.76,1.01,0.25,0.25,1.01,N/A
435,Wilson Isidor,FW,ht Haiti,25.0,1.eng Sunderland,2000.0,3.0,2.0,186.0,2.1,1.0,0.0,1.0,1.0,0.0,0.0,0.0,0.0,a671316d,0.0,0.48,0.48,0.48,0.48,N/A
436,Jamshid Iskanderov,FW,uz Uzbekistan,32.0,1.uz Neftchi FK,1993.0,1.0,0.0,9.0,0.1,0.0,0.0,0.0,0.0,0.0,0.0,0.0,0.0,3b8abe7c,0.0,0.0,0.0,0.0,0.0,MF
437,Zaid Ismail,MF,iq Iraq,24.0,1.iq Al-Talaba,2002.0,2.0,2.0,117.0,1.3,0.0,0.0,0.0,0.0,0.0,0.0,0.0,0.0,c65effaa,0.0,0.0,0.0,0.0,0.0,N/A
438,Ko Itakura,DF,jp Japan,29.0,1.nl Ajax,1997.0,2.0,2.0,128.0,1.4,0.0,1.0,1.0,0.0,0.0,0.0,0.0,0.0,97d545ae,0.7,0.7,0.0,0.0,0.7,N/A
439,Jacob Italiano,DF,au Australia,24.0,1.at Grazer AK,2001.0,2.0,2.0,163.0,1.8,0.0,0.0,0.0,0.0,0.0,0.0,1.0,0.0,2eb0ee9a,0.0,0.0,0.0,0.0,0.0,N/A
440,Hiroki Ito,DF,jp Japan,27.0,1.de Bayern Munich,1999.0,4.0,4.0,360.0,4.0,0.0,0.0,0.0,0.0,0.0,0.0,0.0,0.0,204dded0,0.0,0.0,0.0,0.0,0.0,N/A
441,Junya Itō,MF,jp Japan,33.0,1.be Genk,1993.0,4.0,2.0,216.0,2.4,1.0,0.0,1.0,1.0,0.0,0.0,0.0,0.0,dbd3a428,0.0,0.42,0.42,0.42,0.42,N/A
442,Cedric Itten,FW,ch Switzerland,29.0,2.de Düsseldorf,1996.0,3.0,0.0,42.0,0.5,0.0,0.0,0.0,0.0,0.0,0.0,0.0,0.0,ef233486,0.0,0.0,0.0,0.0,0.0,MF
443,Nicolas Jackson,FW,sn Senegal,24.0,1.de Bayern Munich,2001.0,4.0,2.0,234.0,2.6,0.0,1.0,1.0,0.0,0.0,0.0,0.0,0.0,9c36ed83,0.38,0.38,0.0,0.0,0.38,N/A
444,Lee Jae-sung,FW,kr Korea Republic,33.0,1.de Mainz 05,1992.0,2.0,2.0,117.0,1.3,0.0,0.0,0.0,0.0,0.0,0.0,0.0,0.0,34b0387f,0.0,0.0,0.0,0.0,0.0,N/A
445,Alireza Jahanbakhsh,FW,ir IR Iran,32.0,1.be Dender,1993.0,2.0,0.0,46.0,0.5,0.0,0.0,0.0,0.0,0.0,0.0,0.0,0.0,08452314,0.0,0.0,0.0,0.0,0.0,MF
446,Ismail Jakobs,DF,sn Senegal,26.0,1.tr Galatasaray,1999.0,3.0,2.0,219.0,2.4,0.0,0.0,0.0,0.0,0.0,0.0,0.0,0.0,a0415710,0.0,0.0,0.0,0.0,0.0,N/A
447,Reece James,DF,eng England,26.0,1.eng Chelsea,1999.0,5.0,3.0,319.0,3.5,0.0,0.0,0.0,0.0,0.0,0.0,0.0,0.0,1265a93a,0.0,0.0,0.0,0.0,0.0,N/A
448,Amer Jamous,MF,jo Jordan,23.0,1.iq Al-Zawra'a SC,2002.0,1.0,0.0,15.0,0.2,0.0,0.0,0.0,0.0,0.0,0.0,0.0,0.0,32d4f1e1,0.0,0.0,0.0,0.0,0.0,N/A
449,Luca Jaquez,DF,ch Switzerland,23.0,1.de Stuttgart,2003.0,2.0,1.0,78.0,0.9,0.0,0.0,0.0,0.0,0.0,0.0,0.0,0.0,a400da8e,0.0,0.0,0.0,0.0,0.0,N/A
450,Ardon Jashari,MF,ch Switzerland,23.0,1.it Milan,2002.0,3.0,1.0,72.0,0.8,0.0,0.0,0.0,0.0,0.0,0.0,0.0,0.0,889588db,0.0,0.0,0.0,0.0,0.0,N/A
451,Ali Jasim,MF,iq Iraq,22.0,1.sa Al-Najma,2004.0,2.0,2.0,129.0,1.4,0.0,0.0,0.0,0.0,0.0,0.0,0.0,0.0,1a927a6f,0.0,0.0,0.0,0.0,0.0,N/A
452,Danley Jean-Jacques,MF,ht Haiti,26.0,1.us Philadelphia,2000.0,3.0,3.0,259.0,2.9,0.0,0.0,0.0,0.0,0.0,0.0,1.0,0.0,59fcbd6d,0.0,0.0,0.0,0.0,0.0,N/A
453,Eom Ji-sung,MF,kr Korea Republic,24.0,2.eng Swansea City,2002.0,2.0,0.0,42.0,0.5,0.0,0.0,0.0,0.0,0.0,0.0,0.0,0.0,3a049da1,0.0,0.0,0.0,0.0,0.0,N/A
454,Raúl Jiménez,FW,mx Mexico,35.0,1.eng Fulham,1991.0,4.0,4.0,317.0,3.5,3.0,0.0,3.0,2.0,1.0,1.0,0.0,0.0,b561db50,0.0,0.85,0.85,0.57,0.57,N/A
455,Kim Jin-gyu,MF,kr Korea Republic,29.0,1.kr Jeonbuk,1997.0,2.0,0.0,52.0,0.6,0.0,0.0,0.0,0.0,0.0,0.0,0.0,0.0,7c0479b1,0.0,0.0,0.0,0.0,0.0,N/A
456,Park Jinseob,DF,kr Korea Republic,30.0,1.cn Zhejiang,1995.0,2.0,0.0,32.0,0.4,0.0,0.0,0.0,0.0,0.0,0.0,0.0,0.0,3316967a,0.0,0.0,0.0,0.0,0.0,MF
457,Ruslanbek Jiyanov,FW,uz Uzbekistan,25.0,1.uz Navbahor,2001.0,1.0,0.0,1.0,0.0,0.0,0.0,0.0,0.0,0.0,0.0,0.0,0.0,3c181746,0.0,0.0,0.0,0.0,0.0,N/A
458,Alistair Johnston,DF,ca Canada,27.0,1.sct Celtic,1998.0,5.0,5.0,450.0,5.0,0.0,0.0,0.0,0.0,0.0,0.0,1.0,0.0,4fb17e20,0.0,0.0,0.0,0.0,0.0,N/A
459,Frenkie de Jong,MF,nl Netherlands,29.0,1.es Barcelona,1997.0,4.0,4.0,328.0,3.6,0.0,0.0,0.0,0.0,0.0,0.0,0.0,0.0,1bacc518,0.0,0.0,0.0,0.0,0.0,N/A
460,Lenny Joseph,FW,ht Haiti,25.0,1.hu Ferencváros,2000.0,3.0,1.0,117.0,1.3,0.0,0.0,0.0,0.0,0.0,0.0,0.0,0.0,d1828392,0.0,0.0,0.0,0.0,0.0,N/A
461,Edmilson Junior,MF,qa Qatar,31.0,1.qa Al Duhail SC,1994.0,3.0,3.0,210.0,2.3,0.0,1.0,1.0,0.0,0.0,0.0,0.0,0.0,620764f4,0.43,0.43,0.0,0.0,0.43,FW
462,Vinicius Júnior,FW,br Brazil,25.0,1.es Real Madrid,2000.0,5.0,5.0,440.0,4.9,4.0,1.0,5.0,4.0,0.0,0.0,0.0,0.0,7111d552,0.2,1.02,0.82,0.82,1.02,N/A
463,Elijah Just,MF,nz New Zealand,26.0,1.sct Motherwell,2000.0,3.0,3.0,264.0,2.9,3.0,0.0,3.0,3.0,0.0,0.0,1.0,0.0,0c295d6e,0.0,1.02,1.02,1.02,1.02,N/A
464,Musab Al Juwayr,MF,sa Saudi Arabia,22.0,1.sa Al-Qadsiah,2003.0,3.0,2.0,152.0,1.7,0.0,0.0,0.0,0.0,0.0,0.0,0.0,0.0,62592fc1,0.0,0.0,0.0,0.0,0.0,FW
465,Ayoub El Kaabi,FW,ma Morocco,32.0,1.gr Olympiacos,1993.0,1.0,1.0,69.0,0.8,0.0,0.0,0.0,0.0,0.0,0.0,0.0,0.0,b1bfd1d4,0.0,0.0,0.0,0.0,0.0,N/A
466,Ozan Kabak,DF,tr Türkiye,26.0,1.de Hoffenheim,2000.0,1.0,1.0,90.0,1.0,0.0,0.0,0.0,0.0,0.0,0.0,0.0,0.0,2d61d13a,0.0,0.0,0.0,0.0,0.0,N/A
467,Ferdi Kadioglu,DF,tr Türkiye,26.0,1.eng Brighton,1999.0,2.0,2.0,159.0,1.8,0.0,0.0,0.0,0.0,0.0,0.0,0.0,0.0,66c52a77,0.0,0.0,0.0,0.0,0.0,N/A
468,Kaku,MF,py Paraguay,31.0,1.ae Al Ain,1995.0,1.0,0.0,11.0,0.1,0.0,0.0,0.0,0.0,0.0,0.0,0.0,0.0,cb01ad74,0.0,0.0,0.0,0.0,0.0,N/A
469,Saša Kalajdžić,FW,at Austria,28.0,1.at LASK,1997.0,3.0,1.0,77.0,0.9,1.0,0.0,1.0,1.0,0.0,0.0,0.0,0.0,15f24fe7,0.0,1.17,1.17,1.17,1.17,N/A
470,Gédéon Kalulu,DF,cd Congo DR,28.0,1.cy Aris Limassol,1997.0,1.0,0.0,6.0,0.1,0.0,0.0,0.0,0.0,0.0,0.0,0.0,0.0,dd211559,0.0,0.0,0.0,0.0,0.0,N/A
471,Daichi Kamada,MF,jp Japan,29.0,1.eng Crystal Palace,1996.0,4.0,4.0,329.0,3.7,2.0,0.0,2.0,2.0,0.0,0.0,1.0,0.0,15b287da,0.0,0.55,0.55,0.55,0.55,N/A
472,Hossein Kanaanizadegan,DF,ir IR Iran,32.0,1.ir Persepolis,1994.0,2.0,2.0,135.0,1.5,0.0,0.0,0.0,0.0,0.0,0.0,1.0,0.0,24353c25,0.0,0.0,0.0,0.0,0.0,N/A
473,Harry Kane,FW,eng England,32.0,1.de Bayern Munich,1993.0,7.0,7.0,652.0,7.2,6.0,1.0,7.0,4.0,2.0,2.0,0.0,0.0,21a66f6a,0.14,0.97,0.83,0.55,0.69,N/A
474,Lee Kang-in,FW,kr Korea Republic,25.0,1.fr PSG,2001.0,3.0,3.0,270.0,3.0,0.0,1.0,1.0,0.0,0.0,0.0,1.0,0.0,8455ad90,0.33,0.33,0.0,0.0,0.33,N/A
475,Mohamed Kanno,MF,sa Saudi Arabia,31.0,1.sa Al-Hilal,1994.0,3.0,2.0,225.0,2.5,0.0,0.0,0.0,0.0,0.0,0.0,1.0,0.0,74ccf212,0.0,0.0,0.0,0.0,0.0,N/A
476,Steve Kapuadi,DF,cd Congo DR,28.0,1.pl Widzew Łódź,1998.0,2.0,2.0,180.0,2.0,0.0,0.0,0.0,0.0,0.0,0.0,0.0,0.0,3f3c941a,0.0,0.0,0.0,0.0,0.0,N/A
477,Bekhruz Karimov,DF,uz Uzbekistan,18.0,1.uz FC Surkhon,2007.0,2.0,2.0,179.0,2.0,0.0,0.0,0.0,0.0,0.0,0.0,0.0,0.0,74cdaeba,0.0,0.0,0.0,0.0,0.0,N/A
478,Jesper Karlström,MF,se Sweden,30.0,1.it Udinese,1995.0,2.0,2.0,138.0,1.5,0.0,0.0,0.0,0.0,0.0,0.0,0.0,0.0,e0a1f4eb,0.0,0.0,0.0,0.0,0.0,N/A
479,Gervane Kastaneer,FW,cw Curaçao,30.0,1.my Terengganu City,1996.0,3.0,0.0,30.0,0.3,0.0,0.0,0.0,0.0,0.0,0.0,2.0,0.0,0c142e14,0.0,0.0,0.0,0.0,0.0,MF
480,Nikola Katić,DF,ba Bosnia–Herz,29.0,2.de Schalke 04,1996.0,4.0,4.0,317.0,3.5,0.0,0.0,0.0,0.0,0.0,0.0,1.0,0.0,35bd124a,0.0,0.0,0.0,0.0,0.0,N/A
481,Edo Kayembe,MF,cd Congo DR,28.0,2.eng Watford,1998.0,3.0,2.0,160.0,1.8,0.0,0.0,0.0,0.0,0.0,0.0,0.0,0.0,f99b71de,0.0,0.0,0.0,0.0,0.0,N/A
482,Joris Kayembe,DF,cd Congo DR,31.0,1.be Genk,1994.0,4.0,0.0,45.0,0.5,0.0,0.0,0.0,0.0,0.0,0.0,0.0,0.0,4657faba,0.0,0.0,0.0,0.0,0.0,FW
483,Franck Kessié,MF,ci Côte d'Ivoire,29.0,1.sa Al-Ahli,1996.0,4.0,4.0,346.0,3.8,1.0,0.0,1.0,1.0,0.0,0.0,1.0,0.0,05e19d6a,0.0,0.26,0.26,0.26,0.26,N/A
484,Abdullah Al-Khaibari,MF,sa Saudi Arabia,29.0,1.sa Al-Nassr,1996.0,3.0,3.0,180.0,2.0,0.0,0.0,0.0,0.0,0.0,0.0,0.0,0.0,ab47ae1c,0.0,0.0,0.0,0.0,0.0,N/A
485,Shoja' Khalilzadeh,DF,ir IR Iran,37.0,1.ir Tractor,1989.0,3.0,3.0,270.0,3.0,0.0,0.0,0.0,0.0,0.0,0.0,1.0,0.0,0aed29f1,0.0,0.0,0.0,0.0,0.0,N/A
486,Dostonbek Khamdamov,MF,uz Uzbekistan,29.0,1.uz Pakhtakor Tashkent FK,1996.0,2.0,1.0,103.0,1.1,0.0,0.0,0.0,0.0,0.0,0.0,0.0,0.0,d2dd2ffb,0.0,0.0,0.0,0.0,0.0,N/A
487,Bilal El Khannouss,MF,ma Morocco,22.0,1.de Stuttgart,2004.0,6.0,6.0,461.0,5.1,0.0,0.0,0.0,0.0,0.0,0.0,1.0,0.0,f7042636,0.0,0.0,0.0,0.0,0.0,FW
488,Rani Khedira,MF,tn Tunisia,32.0,1.de Union Berlin,1994.0,3.0,2.0,149.0,1.7,0.0,0.0,0.0,0.0,0.0,0.0,1.0,0.0,59e4b92e,0.0,0.0,0.0,0.0,0.0,N/A
489,Boualem Khoukhi,DF,qa Qatar,35.0,1.qa Al Sadd,1990.0,3.0,3.0,270.0,3.0,1.0,0.0,1.0,1.0,0.0,0.0,0.0,0.0,7be5ad52,0.0,0.33,0.33,0.33,0.33,N/A
490,Abdukodir Khusanov,DF,uz Uzbekistan,22.0,1.eng Manchester City,2004.0,3.0,3.0,270.0,3.0,0.0,0.0,0.0,0.0,0.0,0.0,2.0,0.0,d17ce930,0.0,0.0,0.0,0.0,0.0,N/A
491,Joshua Kimmich,DF,de Germany,31.0,1.de Bayern Munich,1995.0,4.0,4.0,351.0,3.9,0.0,2.0,2.0,0.0,0.0,0.0,0.0,0.0,49296448,0.51,0.51,0.0,0.0,0.51,N/A
492,Justin Kluivert,FW,nl Netherlands,27.0,1.eng Bournemouth,1999.0,2.0,0.0,27.0,0.3,0.0,0.0,0.0,0.0,0.0,0.0,0.0,0.0,4c3a6744,0.0,0.0,0.0,0.0,0.0,MF
493,Gregor Kobel,GK,ch Switzerland,28.0,1.de Dortmund,1997.0,6.0,6.0,600.0,6.7,0.0,0.0,0.0,0.0,0.0,0.0,0.0,0.0,cd59b9df,0.0,0.0,0.0,0.0,0.0,N/A
494,Orkun Kökçü,MF,tr Türkiye,25.0,1.tr Beşiktaş,2000.0,3.0,2.0,153.0,1.7,0.0,1.0,1.0,0.0,0.0,0.0,0.0,0.0,9bf914b4,0.59,0.59,0.0,0.0,0.59,N/A
495,Sead Kolašinac,DF,ba Bosnia–Herz,32.0,1.it Atalanta,1993.0,4.0,4.0,337.0,3.7,0.0,1.0,1.0,0.0,0.0,0.0,0.0,0.0,3935e52e,0.27,0.27,0.0,0.0,0.27,N/A
496,Ghislain Konan,DF,ci Côte d'Ivoire,30.0,1.pt Gil Vicente FC,1995.0,3.0,3.0,269.0,3.0,0.0,0.0,0.0,0.0,0.0,0.0,0.0,0.0,6b2c894b,0.0,0.0,0.0,0.0,0.0,N/A
497,Ibrahima Konaté,DF,fr France,27.0,1.eng Liverpool,1999.0,2.0,1.0,60.0,0.7,0.0,0.0,0.0,0.0,0.0,0.0,0.0,0.0,5ed9b537,0.0,0.0,0.0,0.0,0.0,N/A
498,Ismaël Koné,MF,ca Canada,23.0,1.it Sassuolo,2002.0,2.0,2.0,146.0,1.6,0.0,0.0,0.0,0.0,0.0,0.0,0.0,0.0,e0220b70,0.0,0.0,0.0,0.0,0.0,N/A
499,Manu Koné,MF,fr France,25.0,1.it Roma,2001.0,5.0,4.0,385.0,4.3,0.0,0.0,0.0,0.0,0.0,0.0,1.0,0.0,86574238,0.0,0.0,0.0,0.0,0.0,N/A
500,Ezri Konsa,DF,eng England,28.0,1.eng Aston Villa,1997.0,8.0,7.0,647.0,7.2,1.0,0.0,1.0,1.0,0.0,0.0,0.0,0.0,0313a347,0.0,0.14,0.14,0.14,0.14,N/A
501,Teun Koopmeiners,DF,nl Netherlands,28.0,1.it Juventus,1998.0,4.0,0.0,122.0,1.4,0.0,0.0,0.0,0.0,0.0,0.0,0.0,0.0,a26fb8aa,0.0,0.0,0.0,0.0,0.0,MF
502,Odilon Kossounou,DF,ci Côte d'Ivoire,25.0,1.it Atalanta,2001.0,4.0,3.0,272.0,3.0,0.0,0.0,0.0,0.0,0.0,0.0,0.0,0.0,1f3afdcb,0.0,0.0,0.0,0.0,0.0,N/A
503,Kalidou Koulibaly,DF,sn Senegal,34.0,1.sa Al-Hilal,1991.0,2.0,2.0,161.0,1.8,0.0,0.0,0.0,0.0,0.0,0.0,0.0,0.0,da974c7b,0.0,0.0,0.0,0.0,0.0,N/A
504,Jules Koundé,DF,fr France,27.0,1.es Barcelona,1998.0,8.0,7.0,599.0,6.7,0.0,0.0,0.0,0.0,0.0,0.0,0.0,0.0,4d1666ff,0.0,0.0,0.0,0.0,0.0,N/A
505,Mateo Kovačić,MF,hr Croatia,32.0,1.eng Manchester City,1994.0,4.0,3.0,270.0,3.0,0.0,1.0,1.0,0.0,0.0,0.0,0.0,0.0,79c0821a,0.33,0.33,0.0,0.0,0.33,N/A
506,Matej Kovar,GK,cz Czechia,26.0,1.nl PSV,2000.0,3.0,3.0,270.0,3.0,0.0,0.0,0.0,0.0,0.0,0.0,0.0,0.0,bc67a0e1,0.0,0.0,0.0,0.0,0.0,N/A
507,Andrej Kramarić,FW,hr Croatia,34.0,1.de Hoffenheim,1991.0,3.0,0.0,59.0,0.7,0.0,0.0,0.0,0.0,0.0,0.0,0.0,0.0,603cb947,0.0,0.0,0.0,0.0,0.0,MF
508,Ladislav Krejčí,DF,cz Czechia,27.0,1.eng Wolves,1999.0,3.0,3.0,270.0,3.0,1.0,0.0,1.0,1.0,0.0,0.0,1.0,0.0,5b5c2228,0.0,0.33,0.33,0.33,0.33,N/A
509,Takefusa Kubo,MF,jp Japan,25.0,1.es Real Sociedad,2001.0,1.0,1.0,74.0,0.8,0.0,1.0,1.0,0.0,0.0,0.0,0.0,0.0,16aa3654,1.22,1.22,0.0,0.0,1.22,N/A
510,Brandley Kuwas,FW,cw Curaçao,33.0,1.nl Volendam,1992.0,1.0,0.0,1.0,0.0,0.0,0.0,0.0,0.0,0.0,0.0,0.0,0.0,42c94967,0.0,0.0,0.0,0.0,0.0,MF
511,Prince Kwabena Adu,FW,gh Ghana,22.0,1.cz Viktoria Plzeň,2003.0,3.0,0.0,39.0,0.4,0.0,0.0,0.0,0.0,0.0,0.0,0.0,0.0,36bdd145,0.0,0.0,0.0,0.0,0.0,N/A
512,Maxence Lacroix,DF,fr France,26.0,1.eng Crystal Palace,2000.0,3.0,2.0,241.0,2.7,0.0,0.0,0.0,0.0,0.0,0.0,0.0,0.0,277c49ed,0.0,0.0,0.0,0.0,0.0,N/A
513,Gustaf Lagerbielke,DF,se Sweden,26.0,1.pt Braga,2000.0,4.0,4.0,360.0,4.0,0.0,0.0,0.0,0.0,0.0,0.0,0.0,0.0,9e39fa2d,0.0,0.0,0.0,0.0,0.0,N/A
514,Konrad Laimer,MF,at Austria,29.0,1.de Bayern Munich,1997.0,4.0,4.0,360.0,4.0,0.0,1.0,1.0,0.0,0.0,0.0,1.0,0.0,c1b7847c,0.25,0.25,0.0,0.0,0.25,DF
515,Ali Lajami,DF,sa Saudi Arabia,30.0,1.sa Al-Hilal,1996.0,3.0,1.0,149.0,1.7,0.0,0.0,0.0,0.0,0.0,0.0,0.0,0.0,46f7ab4f,0.0,0.0,0.0,0.0,0.0,N/A
516,Senne Lammens,GK,be Belgium,23.0,1.eng Manchester Utd,2002.0,1.0,0.0,20.0,0.2,0.0,0.0,0.0,0.0,0.0,0.0,0.0,0.0,8e6d2fcd,0.0,0.0,0.0,0.0,0.0,N/A
517,Noa Lang,FW,nl Netherlands,26.0,1.tr Galatasaray,1999.0,2.0,0.0,8.0,0.1,0.0,0.0,0.0,0.0,0.0,0.0,0.0,0.0,8e034340,0.0,0.0,0.0,0.0,0.0,MF
518,Sondre Langås,DF,no Norway,25.0,2.eng Derby County,2001.0,1.0,0.0,25.0,0.3,0.0,0.0,0.0,0.0,0.0,0.0,0.0,0.0,107e4890,0.0,0.0,0.0,0.0,0.0,N/A
519,Aymeric Laporte,DF,es Spain,32.0,1.es Athletic Club,1994.0,8.0,8.0,727.0,8.1,0.0,1.0,1.0,0.0,0.0,0.0,1.0,0.0,119b9a8e,0.12,0.12,0.0,0.0,0.12,N/A
520,Cyle Larin,FW,ca Canada,31.0,1.es Mallorca,1995.0,4.0,2.0,190.0,2.1,2.0,0.0,2.0,2.0,0.0,0.0,2.0,0.0,e7af9060,0.0,0.95,0.95,0.95,0.95,N/A
521,Richie Laryea,DF,ca Canada,31.0,1.us Toronto FC,1995.0,5.0,5.0,429.0,4.8,0.0,0.0,0.0,0.0,0.0,0.0,1.0,0.0,276fdbe4,0.0,0.0,0.0,0.0,0.0,N/A
522,Mohanad Lasheen,MF,eg Egypt,30.0,,1996.0,4.0,4.0,359.0,4.0,0.0,0.0,0.0,0.0,0.0,0.0,2.0,0.0,8c041c7d,0.0,0.0,0.0,0.0,0.0,N/A
523,Issa Laye,MF,qa Qatar,28.0,1.qa Al-Arabi,1997.0,3.0,3.0,270.0,3.0,0.0,0.0,0.0,0.0,0.0,0.0,0.0,0.0,c078667a,0.0,0.0,0.0,0.0,0.0,DF
524,Rafael Leão,MF,pt Portugal,27.0,1.it Milan,1999.0,5.0,1.0,158.0,1.8,1.0,1.0,2.0,1.0,0.0,0.0,0.0,0.0,20730eae,0.57,1.14,0.57,0.57,1.14,N/A
525,Mathew Leckie,MF,au Australia,35.0,1.au Melb City,1991.0,1.0,1.0,60.0,0.7,0.0,0.0,0.0,0.0,0.0,0.0,0.0,0.0,b93b7882,0.0,0.0,0.0,0.0,0.0,N/A
526,Jefferson Lerma,MF,co Colombia,31.0,1.eng Crystal Palace,1994.0,5.0,5.0,410.0,4.6,0.0,0.0,0.0,0.0,0.0,0.0,1.0,0.0,9b5ce51a,0.0,0.0,0.0,0.0,0.0,N/A
527,Jamie Leweling,FW,de Germany,25.0,1.de Stuttgart,2001.0,1.0,0.0,31.0,0.3,0.0,0.0,0.0,0.0,0.0,0.0,0.0,0.0,13fe7b69,0.0,0.0,0.0,0.0,0.0,MF
528,Philipp Lienhart,DF,at Austria,29.0,1.de Freiburg,1996.0,2.0,2.0,180.0,2.0,0.0,0.0,0.0,0.0,0.0,0.0,0.0,0.0,302527b2,0.0,0.0,0.0,0.0,0.0,N/A
529,Victor Lindelöf,DF,se Sweden,31.0,1.eng Aston Villa,1994.0,4.0,4.0,356.0,4.0,0.0,0.0,0.0,0.0,0.0,0.0,0.0,0.0,f5deef4c,0.0,0.0,0.0,0.0,0.0,MF
530,Erik Lira,MF,mx Mexico,26.0,1.mx Cruz Azul,2000.0,4.0,4.0,345.0,3.8,0.0,1.0,1.0,0.0,0.0,0.0,0.0,0.0,7b2c24ed,0.26,0.26,0.0,0.0,0.26,N/A
531,Dominik Livaković,GK,hr Croatia,31.0,1.hr Dinamo Zagreb,1995.0,4.0,4.0,360.0,4.0,0.0,0.0,0.0,0.0,0.0,0.0,0.0,0.0,58f077c0,0.0,0.0,0.0,0.0,0.0,N/A
532,Dailon Livramento,FW,cv Cabo Verde,25.0,1.pt Casa Pia,2001.0,3.0,2.0,174.0,1.9,0.0,0.0,0.0,0.0,0.0,0.0,0.0,0.0,c115db1e,0.0,0.0,0.0,0.0,0.0,N/A
533,Marcos Llorente,DF,es Spain,31.0,1.es Atlético Madrid,1995.0,3.0,2.0,187.0,2.1,0.0,1.0,1.0,0.0,0.0,0.0,0.0,0.0,02c15616,0.48,0.48,0.0,0.0,0.48,N/A
534,Giovani Lo Celso,MF,ar Argentina,30.0,1.es Real Betis,1996.0,1.0,1.0,59.0,0.7,1.0,0.0,1.0,1.0,0.0,0.0,0.0,0.0,d7553721,0.0,1.53,1.53,1.53,1.53,N/A
535,Jürgen Locadia,FW,cw Curaçao,32.0,2.us Miami FC,1993.0,3.0,3.0,235.0,2.6,0.0,0.0,0.0,0.0,0.0,0.0,0.0,0.0,6cc47ae1,0.0,0.0,0.0,0.0,0.0,N/A
536,Azarías Londoño,MF,pa Panama,24.0,1.ec Univ Católica,2001.0,3.0,0.0,56.0,0.6,0.0,0.0,0.0,0.0,0.0,0.0,0.0,0.0,31d68775,0.0,0.0,0.0,0.0,0.0,N/A
537,Sidny Lopes Cabral,DF,cv Cabo Verde,23.0,1.pt Benfica,2002.0,3.0,3.0,285.0,3.2,1.0,0.0,1.0,1.0,0.0,0.0,2.0,0.0,20700569,0.0,0.32,0.32,0.32,0.32,N/A
538,Flaco López,FW,ar Argentina,25.0,1.br Palmeiras,2000.0,2.0,0.0,20.0,0.2,0.0,1.0,1.0,0.0,0.0,0.0,1.0,0.0,e1426a52,4.5,4.5,0.0,0.0,4.5,N/A
539,Derrick Luckassen,DF,gh Ghana,30.0,1.cy Pafos FC,1995.0,2.0,2.0,180.0,2.0,1.0,0.0,1.0,1.0,0.0,0.0,0.0,0.0,30a09cb5,0.0,0.5,0.5,0.5,0.5,N/A
540,Jhon Lucumí,DF,co Colombia,27.0,1.it Bologna,1998.0,5.0,5.0,478.0,5.3,0.0,0.0,0.0,0.0,0.0,0.0,1.0,0.0,80490d7f,0.0,0.0,0.0,0.0,0.0,N/A
541,José Luis Rodríguez,MF,pa Panama,27.0,1.mx FC Juárez,1998.0,3.0,3.0,233.0,2.6,0.0,0.0,0.0,0.0,0.0,0.0,0.0,0.0,b333b014,0.0,0.0,0.0,0.0,0.0,FW
542,Romelu Lukaku,FW,be Belgium,33.0,1.it Napoli,1993.0,6.0,1.0,233.0,2.6,3.0,1.0,4.0,3.0,0.0,0.0,1.0,0.0,5eae500a,0.39,1.55,1.16,1.16,1.55,N/A
543,Dodi Lukebakio,MF,be Belgium,28.0,1.pt Benfica,1997.0,3.0,1.0,164.0,1.8,0.0,0.0,0.0,0.0,0.0,0.0,0.0,0.0,0c61c77c,0.0,0.0,0.0,0.0,0.0,N/A
544,Jovo Lukić,FW,ba Bosnia–Herz,27.0,1.ro Univ. Cluj,1998.0,2.0,1.0,67.0,0.7,1.0,0.0,1.0,1.0,0.0,0.0,1.0,0.0,a2056e82,0.0,1.34,1.34,1.34,1.34,N/A
545,Awer Mabil,FW,au Australia,30.0,2.es Castellón,1995.0,1.0,0.0,30.0,0.3,0.0,0.0,0.0,0.0,0.0,0.0,0.0,0.0,922da988,0.0,0.0,0.0,0.0,0.0,MF
546,Alexis Mac Allister,MF,ar Argentina,27.0,1.eng Liverpool,1998.0,8.0,7.0,750.0,8.3,1.0,1.0,2.0,1.0,0.0,0.0,1.0,0.0,83d074ff,0.12,0.24,0.12,0.12,0.24,N/A
547,Deiver Machado,DF,co Colombia,32.0,1.fr Nantes,1993.0,1.0,1.0,90.0,1.0,0.0,0.0,0.0,0.0,0.0,0.0,0.0,0.0,b3f8bdef,0.0,0.0,0.0,0.0,0.0,N/A
548,Shuto Machino,FW,jp Japan,26.0,1.de Gladbach,1999.0,1.0,0.0,13.0,0.1,0.0,0.0,0.0,0.0,0.0,0.0,0.0,0.0,964dde35,0.0,0.0,0.0,0.0,0.0,N/A
549,Assim Madibo,MF,qa Qatar,29.0,1.qa Al-Wakrah,1996.0,2.0,2.0,131.0,1.5,0.0,0.0,0.0,0.0,0.0,0.0,0.0,1.0,2b1d2ada,0.0,0.0,0.0,0.0,0.0,N/A
550,Noni Madueke,MF,eng England,24.0,1.eng Arsenal,2002.0,5.0,4.0,286.0,3.2,0.0,0.0,0.0,0.0,0.0,0.0,0.0,0.0,bf34eebd,0.0,0.0,0.0,0.0,0.0,N/A
551,Daizen Maeda,MF,jp Japan,28.0,1.sct Celtic,1997.0,3.0,3.0,244.0,2.7,1.0,0.0,1.0,1.0,0.0,0.0,0.0,0.0,395451fc,0.0,0.37,0.37,0.37,0.37,N/A
552,Gabriel Magalhães,DF,br Brazil,28.0,1.eng Arsenal,1997.0,5.0,5.0,450.0,5.0,0.0,1.0,1.0,0.0,0.0,0.0,0.0,0.0,67ac5bb8,0.2,0.2,0.0,0.0,0.2,N/A
553,Ermin Mahmić,MF,ba Bosnia–Herz,21.0,1.cz Slovan Liberec,2005.0,3.0,0.0,68.0,0.8,2.0,0.0,2.0,2.0,0.0,0.0,1.0,0.0,86e34165,0.0,2.65,2.65,2.65,2.65,N/A
554,Hadj Mahmoud,MF,tn Tunisia,26.0,1.ch Lugano,2000.0,2.0,0.0,43.0,0.5,0.0,0.0,0.0,0.0,0.0,0.0,0.0,0.0,081048c2,0.0,0.0,0.0,0.0,0.0,N/A
555,Riyad Mahrez,MF,dz Algeria,35.0,1.sa Al-Ahli,1991.0,4.0,3.0,262.0,2.9,2.0,1.0,3.0,2.0,0.0,0.0,0.0,0.0,892d5bb1,0.34,1.03,0.69,0.69,1.03,N/A
556,Alexandro Maidana,DF,py Paraguay,20.0,1.ar Talleres–C,2005.0,2.0,1.0,55.0,0.6,0.0,0.0,0.0,0.0,0.0,0.0,0.0,0.0,4d0d5020,0.0,0.0,0.0,0.0,0.0,N/A
557,Mike Maignan,GK,fr France,30.0,1.it Milan,1995.0,8.0,8.0,720.0,8.0,0.0,0.0,0.0,0.0,0.0,0.0,0.0,0.0,fcb38f57,0.0,0.0,0.0,0.0,0.0,N/A
558,Evidence Makgopa,FW,za South Africa,26.0,1.za Orlando Pirates,2000.0,4.0,2.0,215.0,2.4,0.0,0.0,0.0,0.0,0.0,0.0,0.0,0.0,4d76d03b,0.0,0.0,0.0,0.0,0.0,N/A
559,Ahmed Maknzi,DF,iq Iraq,24.0,1.iq Al-Karma,2001.0,1.0,0.0,33.0,0.4,0.0,0.0,0.0,0.0,0.0,0.0,0.0,0.0,f95ac2b6,0.0,0.0,0.0,0.0,0.0,N/A
560,Donyell Malen,FW,nl Netherlands,27.0,1.it Roma,1999.0,3.0,3.0,185.0,2.1,0.0,0.0,0.0,0.0,0.0,0.0,0.0,0.0,116c35df,0.0,0.0,0.0,0.0,0.0,N/A
561,Arjan Malic,DF,ba Bosnia–Herz,20.0,1.at Sturm Graz,2005.0,1.0,1.0,45.0,0.5,0.0,0.0,0.0,0.0,0.0,0.0,0.0,0.0,de57cd45,0.0,0.0,0.0,0.0,0.0,N/A
562,Mohamed Manai,DF,qa Qatar,23.0,1.qa Al-Shamal Sports Club,2002.0,3.0,0.0,69.0,0.8,0.0,0.0,0.0,0.0,0.0,0.0,0.0,0.0,1e20b706,0.0,0.0,0.0,0.0,0.0,N/A
563,Aïssa Mandi,DF,dz Algeria,34.0,1.fr Lille,1991.0,4.0,4.0,360.0,4.0,0.0,0.0,0.0,0.0,0.0,0.0,0.0,0.0,fbd6378b,0.0,0.0,0.0,0.0,0.0,N/A
564,Sadio Mané,MF,sn Senegal,34.0,1.sa Al-Nassr,1992.0,4.0,4.0,362.0,4.0,0.0,1.0,1.0,0.0,0.0,0.0,0.0,0.0,c691bfe2,0.25,0.25,0.0,0.0,0.25,FW
565,Juan Manuel Sanabria,DF,uy Uruguay,26.0,1.mx Atlético San Luis,2000.0,3.0,2.0,204.0,2.3,0.0,0.0,0.0,0.0,0.0,0.0,1.0,0.0,f1d74479,0.0,0.0,0.0,0.0,0.0,N/A
566,Johan Manzambi,MF,ch Switzerland,20.0,1.de Freiburg,2005.0,4.0,2.0,199.0,2.2,3.0,2.0,5.0,3.0,0.0,0.0,0.0,0.0,8fcf0e12,0.9,2.26,1.36,1.36,2.26,FW
567,Mahmoud Al-Mardi,MF,jo Jordan,32.0,1.jo Al-Hussein SC,1993.0,3.0,1.0,130.0,1.4,0.0,0.0,0.0,0.0,0.0,0.0,0.0,0.0,1eedc1ea,0.0,0.0,0.0,0.0,0.0,N/A
568,Jearl Margaritha,FW,cw Curaçao,26.0,2.be Beveren,2000.0,2.0,0.0,41.0,0.5,0.0,0.0,0.0,0.0,0.0,0.0,0.0,0.0,be915a68,0.0,0.0,0.0,0.0,0.0,MF
569,Omar Marmoush,FW,eg Egypt,27.0,1.eng Manchester City,1999.0,5.0,3.0,326.0,3.6,0.0,0.0,0.0,0.0,0.0,0.0,0.0,0.0,0e0102eb,0.0,0.0,0.0,0.0,0.0,MF
570,Marquinhos,DF,br Brazil,32.0,1.fr PSG,1994.0,5.0,5.0,450.0,5.0,0.0,0.0,0.0,0.0,0.0,0.0,0.0,0.0,d5f2f82b,0.0,0.0,0.0,0.0,0.0,N/A
571,Gabriel Martinelli,MF,br Brazil,24.0,1.eng Arsenal,2001.0,4.0,1.0,143.0,1.6,1.0,0.0,1.0,1.0,0.0,0.0,0.0,0.0,48a5a5d6,0.0,0.63,0.63,0.63,0.63,N/A
572,Guillermo Martínez Ayala,FW,mx Mexico,31.0,1.mx UNAM,1995.0,2.0,1.0,72.0,0.8,0.0,0.0,0.0,0.0,0.0,0.0,0.0,0.0,59146354,0.0,0.0,0.0,0.0,0.0,N/A
573,Cristian Martínez,MF,pa Panama,29.0,1.il Kiryat Shmona,1997.0,3.0,3.0,242.0,2.7,0.0,0.0,0.0,0.0,0.0,0.0,0.0,0.0,fdb15495,0.0,0.0,0.0,0.0,0.0,FW
574,Emiliano Martínez,GK,ar Argentina,33.0,1.eng Aston Villa,1992.0,8.0,8.0,810.0,9.0,0.0,0.0,0.0,0.0,0.0,0.0,0.0,0.0,7956236f,0.0,0.0,0.0,0.0,0.0,N/A
575,Lautaro Martínez,FW,ar Argentina,28.0,1.it Inter,1997.0,7.0,4.0,310.0,3.4,3.0,1.0,4.0,2.0,1.0,1.0,1.0,0.0,f7036e1c,0.29,1.16,0.87,0.58,0.87,N/A
576,Lisandro Martínez,DF,ar Argentina,28.0,1.eng Manchester Utd,1998.0,7.0,7.0,624.0,6.9,1.0,1.0,2.0,1.0,0.0,0.0,2.0,0.0,bac46a10,0.14,0.29,0.14,0.14,0.29,N/A
577,Thapelo Maseko,MF,za South Africa,22.0,1.cy AEL Limassol,2003.0,3.0,3.0,242.0,2.7,1.0,0.0,1.0,1.0,0.0,0.0,0.0,0.0,498d45f7,0.0,0.37,0.37,0.37,0.37,FW
578,Hazem Mastouri,FW,tn Tunisia,28.0,1.ru D. Makhachkala,1997.0,1.0,1.0,89.0,1.0,1.0,0.0,1.0,1.0,0.0,0.0,0.0,0.0,c88f913e,0.0,1.01,1.01,1.01,1.01,N/A
579,Arthur Masuaku,DF,cd Congo DR,32.0,1.fr Lens,1993.0,4.0,4.0,315.0,3.5,0.0,1.0,1.0,0.0,0.0,0.0,0.0,0.0,57df7a11,0.29,0.29,0.0,0.0,0.29,N/A
580,Igor Matanović,FW,hr Croatia,23.0,1.de Freiburg,2003.0,3.0,0.0,95.0,1.1,0.0,0.0,0.0,0.0,0.0,0.0,0.0,0.0,948e1292,0.0,0.0,0.0,0.0,0.0,N/A
581,Pape Matar Sarr,MF,sn Senegal,23.0,1.eng Tottenham,2002.0,2.0,0.0,67.0,0.7,0.0,0.0,0.0,0.0,0.0,0.0,0.0,0.0,feb5d972,0.0,0.0,0.0,0.0,0.0,N/A
582,Jean-Philippe Mateta,FW,fr France,28.0,1.eng Crystal Palace,1997.0,3.0,0.0,24.0,0.3,0.0,0.0,0.0,0.0,0.0,0.0,0.0,0.0,50e6dc35,0.0,0.0,0.0,0.0,0.0,N/A
583,Mauricio,MF,py Paraguay,25.0,1.br Palmeiras,2001.0,4.0,0.0,173.0,1.9,1.0,0.0,1.0,1.0,0.0,0.0,0.0,0.0,bf4cbc22,0.0,0.52,0.52,0.52,0.52,N/A
584,Fiston Mayele,FW,cd Congo DR,31.0,1.eg Pyramids FC,1994.0,2.0,0.0,42.0,0.5,1.0,0.0,1.0,1.0,0.0,0.0,0.0,0.0,0d113a00,0.0,2.14,2.14,2.14,2.14,N/A
585,Ibrahim Maza,MF,dz Algeria,20.0,1.de Leverkusen,2005.0,4.0,4.0,351.0,3.9,0.0,0.0,0.0,0.0,0.0,0.0,0.0,0.0,89b3bc5e,0.0,0.0,0.0,0.0,0.0,FW
586,Noussair Mazraoui,DF,ma Morocco,28.0,1.eng Manchester Utd,1997.0,6.0,5.0,477.0,5.3,0.0,0.0,0.0,0.0,0.0,0.0,0.0,0.0,b74277a0,0.0,0.0,0.0,0.0,0.0,N/A
587,Kylian Mbappé,FW,fr France,27.0,1.es Real Madrid,1998.0,8.0,8.0,695.0,7.7,10.0,4.0,14.0,9.0,1.0,2.0,1.0,0.0,42fd9c7f,0.52,1.81,1.29,1.17,1.68,N/A
588,Thalente Mbatha,MF,za South Africa,26.0,1.za Orlando Pirates,2000.0,4.0,2.0,260.0,2.9,0.0,0.0,0.0,0.0,0.0,0.0,1.0,0.0,f6272be9,0.0,0.0,0.0,0.0,0.0,N/A
589,Ibrahim Mbaye,MF,sn Senegal,18.0,1.fr PSG,2008.0,4.0,1.0,157.0,1.7,1.0,0.0,1.0,1.0,0.0,0.0,0.0,0.0,201b4ee4,0.0,0.57,0.57,0.57,0.57,N/A
590,Chancel Mbemba,DF,cd Congo DR,31.0,1.fr Lille,1994.0,4.0,4.0,360.0,4.0,0.0,1.0,1.0,0.0,0.0,0.0,1.0,0.0,e76cb9cc,0.25,0.25,0.0,0.0,0.25,N/A
591,Mbekezeli Mbokazi,DF,za South Africa,20.0,1.us Chicago Fire,2005.0,4.0,4.0,360.0,4.0,0.0,0.0,0.0,0.0,0.0,0.0,0.0,0.0,13398d42,0.0,0.0,0.0,0.0,0.0,N/A
592,Nathanaël Mbuku,MF,cd Congo DR,24.0,2.fr Montpellier,2002.0,3.0,2.0,143.0,1.6,0.0,0.0,0.0,0.0,0.0,0.0,1.0,0.0,46750e9c,0.0,0.0,0.0,0.0,0.0,FW
593,Callum McCowatt,MF,nz New Zealand,27.0,1.dk Silkeborg,1999.0,3.0,2.0,159.0,1.8,0.0,0.0,0.0,0.0,0.0,0.0,1.0,0.0,3fc42049,0.0,0.0,0.0,0.0,0.0,N/A
594,John McGinn,MF,sct Scotland,31.0,1.eng Aston Villa,1994.0,3.0,3.0,259.0,2.9,1.0,0.0,1.0,1.0,0.0,0.0,0.0,0.0,90f91999,0.0,0.35,0.35,0.35,0.35,N/A
595,Scott McKenna,DF,sct Scotland,29.0,1.hr Dinamo Zagreb,1996.0,1.0,1.0,90.0,1.0,0.0,0.0,0.0,0.0,0.0,0.0,0.0,0.0,4e5a4cbc,0.0,0.0,0.0,0.0,0.0,N/A
596,Weston McKennie,MF,us United States,27.0,1.it Juventus,1998.0,5.0,5.0,443.0,4.9,0.0,0.0,0.0,0.0,0.0,0.0,1.0,0.0,01c3aff5,0.0,0.0,0.0,0.0,0.0,N/A
597,Mark McKenzie,DF,us United States,27.0,1.fr Toulouse,1999.0,1.0,1.0,90.0,1.0,0.0,0.0,0.0,0.0,0.0,0.0,0.0,0.0,a5f5d094,0.0,0.0,0.0,0.0,0.0,N/A
598,Kenny McLean,MF,sct Scotland,34.0,2.eng Norwich City,1992.0,3.0,1.0,118.0,1.3,0.0,0.0,0.0,0.0,0.0,0.0,1.0,0.0,471f16b3,0.0,0.0,0.0,0.0,0.0,N/A
599,Scott McTominay,MF,sct Scotland,29.0,1.it Napoli,1996.0,3.0,3.0,270.0,3.0,0.0,0.0,0.0,0.0,0.0,0.0,0.0,0.0,d93c2511,0.0,0.0,0.0,0.0,0.0,N/A
600,Brandon Mechele,DF,be Belgium,33.0,1.be Club Brugge,1993.0,6.0,6.0,570.0,6.3,0.0,0.0,0.0,0.0,0.0,0.0,1.0,0.0,0a6dbbf7,0.0,0.0,0.0,0.0,0.0,N/A
601,Facundo Medina,DF,ar Argentina,27.0,1.fr Marseille,1999.0,5.0,3.0,308.0,3.4,0.0,1.0,1.0,0.0,0.0,0.0,1.0,0.0,6f5ec8bb,0.29,0.29,0.0,0.0,0.29,N/A
602,Yaimar Medina,DF,ec Ecuador,21.0,1.be Genk,2004.0,1.0,0.0,45.0,0.5,0.0,0.0,0.0,0.0,0.0,0.0,0.0,0.0,1fe8ecf7,0.0,0.0,0.0,0.0,0.0,MF
603,Hannibal Mejbri,MF,tn Tunisia,23.0,1.eng Burnley,2003.0,3.0,3.0,270.0,3.0,0.0,2.0,2.0,0.0,0.0,0.0,0.0,0.0,ca22ccb0,0.67,0.67,0.0,0.0,0.67,N/A
604,Amar Memić,MF,ba Bosnia–Herz,25.0,1.cz Viktoria Plzeň,2001.0,4.0,2.0,224.0,2.5,0.0,0.0,0.0,0.0,0.0,0.0,0.0,0.0,918c187c,0.0,0.0,0.0,0.0,0.0,N/A
605,Memphis,FW,nl Netherlands,32.0,1.br Corinthians,1994.0,3.0,0.0,54.0,0.6,0.0,1.0,1.0,0.0,0.0,0.0,1.0,0.0,8f696594,1.67,1.67,0.0,0.0,1.67,MF
606,Sultan Mendash,MF,sa Saudi Arabia,31.0,1.sa Al-Hilal,1994.0,1.0,1.0,65.0,0.7,0.0,0.0,0.0,0.0,0.0,0.0,0.0,0.0,8738a7a1,0.0,0.0,0.0,0.0,0.0,N/A
607,Lucas Mendes,DF,qa Qatar,35.0,1.qa Al-Wakrah,1990.0,1.0,0.0,4.0,0.0,0.0,0.0,0.0,0.0,0.0,0.0,0.0,0.0,5169f27f,0.0,0.0,0.0,0.0,0.0,N/A
608,Nuno Mendes,DF,pt Portugal,23.0,1.fr PSG,2002.0,5.0,5.0,395.0,4.4,1.0,0.0,1.0,1.0,0.0,0.0,0.0,0.0,f20e4cc9,0.0,0.23,0.23,0.23,0.23,N/A
609,Ryan Mendes,FW,cv Cabo Verde,36.0,2.tr 76 Iğdır Belediyespor,1990.0,4.0,4.0,330.0,3.7,0.0,1.0,1.0,0.0,0.0,0.0,0.0,0.0,ba6e01ab,0.27,0.27,0.0,0.0,0.27,MF
610,Édouard Mendy,GK,sn Senegal,34.0,1.sa Al-Ahli,1992.0,2.0,2.0,152.0,1.7,0.0,0.0,0.0,0.0,0.0,0.0,0.0,0.0,33887998,0.0,0.0,0.0,0.0,0.0,N/A
611,Gideon Mensah,DF,gh Ghana,27.0,1.fr Auxerre,1998.0,4.0,4.0,360.0,4.0,0.0,0.0,0.0,0.0,0.0,0.0,0.0,0.0,9bdd8118,0.0,0.0,0.0,0.0,0.0,N/A
612,Mikel Merino,MF,es Spain,29.0,1.eng Arsenal,1996.0,8.0,1.0,199.0,2.2,2.0,0.0,2.0,2.0,0.0,0.0,0.0,0.0,d080ed5e,0.0,0.9,0.9,0.9,0.9,N/A
613,Lionel Messi,FW,ar Argentina,38.0,1.us Inter Miami,1987.0,8.0,7.0,740.0,8.2,8.0,4.0,12.0,8.0,0.0,2.0,0.0,0.0,d70ce98e,0.49,1.46,0.97,0.97,1.46,N/A
614,Connor Metcalfe,MF,au Australia,26.0,1.de St Pauli,1999.0,4.0,3.0,315.0,3.5,1.0,0.0,1.0,1.0,0.0,0.0,0.0,0.0,73ce4d7d,0.0,0.29,0.29,0.29,0.29,N/A
615,Thomas Meunier,DF,be Belgium,34.0,1.fr Lille,1991.0,3.0,2.0,190.0,2.1,0.0,1.0,1.0,0.0,0.0,0.0,0.0,0.0,e162b013,0.47,0.47,0.0,0.0,0.47,N/A
616,Liam Millar,MF,ca Canada,26.0,2.eng Hull City,1999.0,3.0,2.0,162.0,1.8,0.0,0.0,0.0,0.0,0.0,0.0,1.0,0.0,983515f8,0.0,0.0,0.0,0.0,0.0,N/A
617,Kim Min-jae,DF,kr Korea Republic,29.0,1.de Bayern Munich,1996.0,3.0,3.0,245.0,2.7,0.0,0.0,0.0,0.0,0.0,0.0,0.0,0.0,e0f8151c,0.0,0.0,0.0,0.0,0.0,N/A
618,Yerry Mina,DF,co Colombia,31.0,1.it Cagliari,1994.0,1.0,0.0,2.0,0.0,0.0,0.0,0.0,0.0,0.0,0.0,0.0,0.0,6d5701f2,0.0,0.0,0.0,0.0,0.0,N/A
619,Alan Minda,MF,ec Ecuador,23.0,1.br Atlético Mineiro,2003.0,1.0,1.0,55.0,0.6,0.0,0.0,0.0,0.0,0.0,0.0,0.0,0.0,9cfd5b00,0.0,0.0,0.0,0.0,0.0,N/A
620,Aubrey Modiba,DF,za South Africa,30.0,1.za Sundowns,1995.0,4.0,4.0,346.0,3.8,0.0,0.0,0.0,0.0,0.0,0.0,1.0,0.0,bb1f97f2,0.0,0.0,0.0,0.0,0.0,N/A
621,Luka Modrić,MF,hr Croatia,40.0,1.it Milan,1985.0,4.0,4.0,317.0,3.5,0.0,1.0,1.0,0.0,0.0,0.0,1.0,0.0,6025fab1,0.28,0.28,0.0,0.0,0.28,N/A
622,Relebohile Mofokeng,MF,za South Africa,21.0,1.za Orlando Pirates,2004.0,3.0,2.0,169.0,1.9,0.0,0.0,0.0,0.0,0.0,0.0,0.0,0.0,25c3fb97,0.0,0.0,0.0,0.0,0.0,N/A
623,Shahriar Moghanlou,FW,ir IR Iran,31.0,1.ae Al-Ittihad Kalba,1994.0,3.0,1.0,88.0,1.0,0.0,0.0,0.0,0.0,0.0,0.0,0.0,0.0,92f69be8,0.0,0.0,0.0,0.0,0.0,N/A
624,Milad Mohammadi,DF,ir IR Iran,32.0,1.ir Persepolis,1993.0,3.0,2.0,205.0,2.3,0.0,0.0,0.0,0.0,0.0,0.0,0.0,0.0,740a0e28,0.0,0.0,0.0,0.0,0.0,N/A
625,Mohammad Mohebi,MF,ir IR Iran,27.0,1.ru Rostov,1998.0,3.0,3.0,244.0,2.7,1.0,0.0,1.0,1.0,0.0,0.0,0.0,0.0,7b6b53c3,0.0,0.37,0.37,0.37,0.37,N/A
626,Johan Mojica,DF,co Colombia,33.0,1.es Mallorca,1992.0,4.0,4.0,390.0,4.3,0.0,0.0,0.0,0.0,0.0,0.0,1.0,0.0,608f2092,0.0,0.0,0.0,0.0,0.0,N/A
627,Teboho Mokoena,MF,za South Africa,29.0,1.za Sundowns,1997.0,3.0,3.0,270.0,3.0,1.0,0.0,1.0,0.0,1.0,1.0,2.0,0.0,00029b1e,0.0,0.33,0.33,0.0,0.0,N/A
628,Nahuel Molina,DF,ar Argentina,28.0,1.es Atlético Madrid,1998.0,7.0,5.0,528.0,5.9,0.0,0.0,0.0,0.0,0.0,0.0,0.0,0.0,23610943,0.0,0.0,0.0,0.0,0.0,N/A
629,Jamiro Monteiro,MF,cv Cabo Verde,32.0,1.nl Zwolle,1993.0,4.0,3.0,281.0,3.1,0.0,0.0,0.0,0.0,0.0,0.0,0.0,0.0,d384bddd,0.0,0.0,0.0,0.0,0.0,N/A
630,César Montes,DF,mx Mexico,29.0,1.ru Loko Moscow,1997.0,4.0,4.0,314.0,3.5,0.0,0.0,0.0,0.0,0.0,0.0,0.0,1.0,28e957d7,0.0,0.0,0.0,0.0,0.0,N/A
631,Gonzalo Montiel,DF,ar Argentina,29.0,1.ar River Plate,1997.0,6.0,2.0,192.0,2.1,0.0,1.0,1.0,0.0,0.0,0.0,1.0,0.0,374d5158,0.47,0.47,0.0,0.0,0.47,N/A
632,Kim Moon-hwan,MF,kr Korea Republic,30.0,1.kr Daejeon Hana,1995.0,1.0,1.0,70.0,0.8,0.0,0.0,0.0,0.0,0.0,0.0,0.0,0.0,6bce7dd8,0.0,0.0,0.0,0.0,0.0,N/A
633,Gilberto Mora,MF,mx Mexico,17.0,1.mx Tijuana,2008.0,4.0,3.0,213.0,2.4,0.0,0.0,0.0,0.0,0.0,0.0,0.0,0.0,69c9ffe8,0.0,0.0,0.0,0.0,0.0,N/A
634,Diego Moreira,MF,be Belgium,21.0,1.fr Strasbourg,2004.0,1.0,0.0,58.0,0.6,0.0,0.0,0.0,0.0,0.0,0.0,0.0,0.0,12de1b0d,0.0,0.0,0.0,0.0,0.0,N/A
635,Steven Moreira,DF,cv Cabo Verde,31.0,1.us Columbus Crew,1994.0,4.0,3.0,301.0,3.3,0.0,0.0,0.0,0.0,0.0,0.0,0.0,0.0,f10983ae,0.0,0.0,0.0,0.0,0.0,N/A
636,Tshepang Moremi,MF,za South Africa,25.0,1.za Orlando Pirates,2000.0,2.0,0.0,34.0,0.4,0.0,1.0,1.0,0.0,0.0,0.0,0.0,0.0,546d38f9,2.65,2.65,0.0,0.0,2.65,N/A
637,Orlando Mosquera,GK,pa Panama,31.0,1.sa Al-Fayha,1994.0,3.0,3.0,270.0,3.0,0.0,0.0,0.0,0.0,0.0,0.0,0.0,0.0,ea34d827,0.0,0.0,0.0,0.0,0.0,N/A
638,Samir El Mourabet,MF,ma Morocco,20.0,1.fr Strasbourg,2005.0,5.0,0.0,81.0,0.9,0.0,0.0,0.0,0.0,0.0,0.0,0.0,0.0,1a03d055,0.0,0.0,0.0,0.0,0.0,N/A
639,Samuel Moutoussamy,MF,cd Congo DR,29.0,1.gr Atromitos,1996.0,4.0,4.0,330.0,3.7,0.0,0.0,0.0,0.0,0.0,0.0,1.0,0.0,af0c835b,0.0,0.0,0.0,0.0,0.0,N/A
640,Akmal Mozgovoy,MF,uz Uzbekistan,27.0,1.uz Pakhtakor Tashkent FK,1999.0,3.0,2.0,216.0,2.4,0.0,1.0,1.0,0.0,0.0,0.0,0.0,0.0,114cb95b,0.42,0.42,0.0,0.0,0.42,N/A
641,Lionel Mpasi,GK,cd Congo DR,31.0,1.fr Le Havre,1994.0,4.0,4.0,360.0,4.0,0.0,0.0,0.0,0.0,0.0,0.0,0.0,0.0,5c6b0637,0.0,0.0,0.0,0.0,0.0,N/A
642,Khuliso Mudau,DF,za South Africa,31.0,1.za Sundowns,1995.0,4.0,4.0,360.0,4.0,0.0,0.0,0.0,0.0,0.0,0.0,0.0,0.0,75388f92,0.0,0.0,0.0,0.0,0.0,N/A
643,Tarik Muharemovic,DF,ba Bosnia–Herz,23.0,1.it Sassuolo,2003.0,3.0,3.0,259.0,2.9,0.0,0.0,0.0,0.0,0.0,0.0,0.0,1.0,426dda23,0.0,0.0,0.0,0.0,0.0,N/A
644,Miro Muheim,DF,ch Switzerland,28.0,1.de Hamburger SV,1998.0,3.0,0.0,87.0,1.0,0.0,0.0,0.0,0.0,0.0,0.0,1.0,0.0,844c6a91,0.0,0.0,0.0,0.0,0.0,MF
645,Ngal'Ayel Mukau,MF,cd Congo DR,21.0,1.fr Lille,2004.0,4.0,3.0,195.0,2.2,0.0,0.0,0.0,0.0,0.0,0.0,0.0,0.0,bb461b8a,0.0,0.0,0.0,0.0,0.0,N/A
646,Mert Müldür,DF,tr Türkiye,27.0,1.tr Fenerbahçe,1999.0,3.0,1.0,101.0,1.1,0.0,0.0,0.0,0.0,0.0,0.0,0.0,0.0,1295552e,0.0,0.0,0.0,0.0,0.0,N/A
647,Daniel Muñoz,DF,co Colombia,30.0,1.eng Crystal Palace,1996.0,5.0,4.0,394.0,4.4,2.0,0.0,2.0,2.0,0.0,0.0,0.0,0.0,778ef829,0.0,0.46,0.46,0.46,0.46,N/A
648,Petar Musa,FW,hr Croatia,28.0,1.us FC Dallas,1998.0,2.0,2.0,110.0,1.2,1.0,0.0,1.0,1.0,0.0,0.0,0.0,0.0,4567a0b4,0.0,0.82,0.82,0.82,0.82,N/A
649,Jamal Musiala,MF,de Germany,23.0,1.de Bayern Munich,2003.0,4.0,3.0,270.0,3.0,1.0,0.0,1.0,1.0,0.0,0.0,1.0,0.0,2c0558b8,0.0,0.33,0.33,0.33,0.33,N/A
650,Fernando Muslera,GK,uy Uruguay,39.0,1.tr Galatasaray,1986.0,3.0,3.0,225.0,2.5,0.0,0.0,0.0,0.0,0.0,0.0,0.0,0.0,a2abe631,0.0,0.0,0.0,0.0,0.0,N/A
651,Phillipp Mwene,DF,at Austria,32.0,1.de Mainz 05,1994.0,2.0,2.0,147.0,1.6,0.0,0.0,0.0,0.0,0.0,0.0,0.0,0.0,2ff76adc,0.0,0.0,0.0,0.0,0.0,N/A
652,David Møller Wolfe,DF,no Norway,24.0,1.eng Wolves,2002.0,5.0,5.0,430.0,4.8,0.0,1.0,1.0,0.0,0.0,0.0,0.0,0.0,9affc5f2,0.21,0.21,0.0,0.0,0.21,N/A
653,Yūto Nagatomo,DF,jp Japan,39.0,1.jp FC Tokyo,1986.0,1.0,0.0,16.0,0.2,0.0,0.0,0.0,0.0,0.0,0.0,0.0,0.0,4b6960d2,0.0,0.0,0.0,0.0,0.0,MF
654,Keito Nakamura,MF,jp Japan,25.0,2.fr Reims,2000.0,4.0,4.0,307.0,3.4,1.0,1.0,2.0,1.0,0.0,0.0,0.0,0.0,d97af612,0.29,0.59,0.29,0.29,0.59,N/A
655,Abdallah Nasib,DF,jo Jordan,32.0,1.iq Al-Zawra'a SC,1994.0,3.0,3.0,260.0,2.9,0.0,0.0,0.0,0.0,0.0,0.0,0.0,0.0,aaab3072,0.0,0.0,0.0,0.0,0.0,N/A
656,Sherzod Nasrullaev,DF,uz Uzbekistan,27.0,1.uz FC Nasaf,1998.0,3.0,3.0,180.0,2.0,0.0,0.0,0.0,0.0,0.0,0.0,1.0,0.0,aeb0c7f7,0.0,0.0,0.0,0.0,0.0,MF
657,Duckens Nazon,FW,ht Haiti,32.0,1.ir Esteghlal,1994.0,1.0,0.0,24.0,0.3,0.0,0.0,0.0,0.0,0.0,0.0,1.0,0.0,20e87a42,0.0,0.0,0.0,0.0,0.0,MF
658,Iliman Ndiaye,FW,sn Senegal,26.0,1.eng Everton,2000.0,3.0,1.0,114.0,1.3,1.0,2.0,3.0,1.0,0.0,0.0,0.0,0.0,5ed97752,1.58,2.37,0.79,0.79,2.37,N/A
659,Dan Ndoye,MF,ch Switzerland,25.0,1.eng Nottingham,2000.0,6.0,5.0,406.0,4.5,2.0,0.0,2.0,2.0,0.0,0.0,0.0,0.0,8e697a8f,0.0,0.44,0.44,0.44,0.44,FW
660,Jayden Nelson,FW,ca Canada,23.0,1.us Austin FC,2002.0,1.0,0.0,4.0,0.0,0.0,0.0,0.0,0.0,0.0,0.0,0.0,0.0,92305a81,0.0,0.0,0.0,0.0,0.0,MF
661,Ali Nemati,DF,ir IR Iran,30.0,1.ir Foolad,1996.0,3.0,3.0,270.0,3.0,0.0,0.0,0.0,0.0,0.0,0.0,1.0,0.0,19a221f7,0.0,0.0,0.0,0.0,0.0,N/A
662,Abduvohid Nematov,GK,uz Uzbekistan,25.0,1.uz FC Nasaf,2001.0,2.0,2.0,180.0,2.0,0.0,0.0,0.0,0.0,0.0,0.0,0.0,0.0,25e45f2a,0.0,0.0,0.0,0.0,0.0,N/A
663,Pedro Neto,MF,pt Portugal,26.0,1.eng Chelsea,2000.0,5.0,5.0,350.0,3.9,0.0,1.0,1.0,0.0,0.0,0.0,0.0,0.0,7ba2eaa9,0.26,0.26,0.0,0.0,0.26,N/A
664,Manuel Neuer,GK,de Germany,40.0,1.de Bayern Munich,1986.0,4.0,4.0,390.0,4.3,0.0,0.0,0.0,0.0,0.0,0.0,0.0,0.0,8778c910,0.0,0.0,0.0,0.0,0.0,N/A
665,João Neves,MF,pt Portugal,21.0,1.fr PSG,2004.0,5.0,4.0,390.0,4.3,1.0,0.0,1.0,1.0,0.0,0.0,0.0,0.0,c2a15a27,0.0,0.23,0.23,0.23,0.23,N/A
666,Rúben Neves,MF,pt Portugal,29.0,1.sa Al-Hilal,1997.0,2.0,1.0,55.0,0.6,0.0,0.0,0.0,0.0,0.0,0.0,0.0,0.0,44bfb6c5,0.0,0.0,0.0,0.0,0.0,N/A
667,Neymar,FW,br Brazil,34.0,1.br Santos,1992.0,2.0,0.0,39.0,0.4,1.0,0.0,1.0,0.0,1.0,1.0,1.0,0.0,69384e5d,0.0,2.31,2.31,0.0,0.0,MF
668,Nathan Ngoy,DF,be Belgium,23.0,1.fr Lille,2003.0,4.0,4.0,335.0,3.7,0.0,0.0,0.0,0.0,0.0,0.0,0.0,1.0,eb7abf2e,0.0,0.0,0.0,0.0,0.0,N/A
669,Moussa Niakhaté,DF,sn Senegal,30.0,1.fr Lyon,1996.0,4.0,4.0,390.0,4.3,0.0,1.0,1.0,0.0,0.0,0.0,0.0,0.0,00242715,0.23,0.23,0.0,0.0,0.23,N/A
670,Gustaf Nilsson,FW,se Sweden,29.0,1.be Club Brugge,1997.0,1.0,0.0,2.0,0.0,0.0,0.0,0.0,0.0,0.0,0.0,0.0,0.0,a7d48b00,0.0,0.0,0.0,0.0,0.0,N/A
671,Felix Nmecha,MF,de Germany,25.0,1.de Dortmund,2000.0,4.0,4.0,270.0,3.0,1.0,1.0,2.0,1.0,0.0,0.0,0.0,0.0,091c86e2,0.33,0.67,0.33,0.33,0.67,N/A
672,Kristoffer Nordfeldt,GK,se Sweden,36.0,1.se AIK Stockholm,1989.0,2.0,2.0,180.0,2.0,0.0,0.0,0.0,0.0,0.0,0.0,0.0,0.0,78549904,0.0,0.0,0.0,0.0,0.0,N/A
673,Tyrese Noslin,MF,cw Curaçao,23.0,1.nl Telstar,2002.0,1.0,0.0,14.0,0.2,0.0,0.0,0.0,0.0,0.0,0.0,0.0,0.0,c3709bd2,0.0,0.0,0.0,0.0,0.0,N/A
674,Ernest Nuamah,MF,gh Ghana,22.0,1.fr Lyon,2003.0,3.0,1.0,89.0,1.0,0.0,1.0,1.0,0.0,0.0,0.0,0.0,0.0,234a703c,1.01,1.01,0.0,0.0,1.01,N/A
675,Matheus Nunes,DF,pt Portugal,27.0,1.eng Manchester City,1998.0,1.0,0.0,1.0,0.0,0.0,0.0,0.0,0.0,0.0,0.0,0.0,0.0,e6af02e0,0.0,0.0,0.0,0.0,0.0,MF
676,Darwin Núñez,FW,uy Uruguay,26.0,1.sa Al-Hilal,1999.0,3.0,2.0,156.0,1.7,0.0,0.0,0.0,0.0,0.0,0.0,0.0,0.0,4d77b365,0.0,0.0,0.0,0.0,0.0,N/A
677,Antonio Nusa,FW,no Norway,21.0,1.de RB Leipzig,2005.0,6.0,4.0,318.0,3.5,1.0,0.0,1.0,1.0,0.0,0.0,1.0,0.0,4ab12002,0.0,0.28,0.28,0.28,0.28,N/A
678,Benjamin Nygren,MF,se Sweden,24.0,1.sct Celtic,2001.0,4.0,2.0,130.0,1.4,0.0,0.0,0.0,0.0,0.0,0.0,0.0,0.0,d6ebf67f,0.0,0.0,0.0,0.0,0.0,N/A
679,Ørjan Nyland,GK,no Norway,35.0,1.es Sevilla,1990.0,5.0,5.0,480.0,5.3,0.0,0.0,0.0,0.0,0.0,0.0,0.0,0.0,bdedffac,0.0,0.0,0.0,0.0,0.0,N/A
680,Aiden O'Neill,MF,au Australia,27.0,1.us NYCFC,1998.0,4.0,4.0,360.0,4.0,0.0,0.0,0.0,0.0,0.0,0.0,0.0,0.0,c7aee75b,0.0,0.0,0.0,0.0,0.0,N/A
681,Nico O'Reilly,DF,eng England,21.0,1.eng Manchester City,2005.0,7.0,5.0,461.0,5.1,0.0,0.0,0.0,0.0,0.0,0.0,1.0,0.0,91ca4a16,0.0,0.0,0.0,0.0,0.0,N/A
682,Salim Obaid,DF,jo Jordan,34.0,1.jo Al-Hussein SC,1992.0,3.0,0.0,21.0,0.2,0.0,0.0,0.0,0.0,0.0,0.0,0.0,0.0,f494bf5f,0.0,0.0,0.0,0.0,0.0,N/A
683,Armando Obispo,DF,cw Curaçao,27.0,1.nl PSV,1999.0,3.0,3.0,270.0,3.0,0.0,0.0,0.0,0.0,0.0,0.0,0.0,0.0,2ffa6348,0.0,0.0,0.0,0.0,0.0,N/A
684,Guillermo Ochoa,GK,mx Mexico,40.0,1.cy AEL Limassol,1985.0,1.0,0.0,13.0,0.1,0.0,0.0,0.0,0.0,0.0,0.0,0.0,0.0,1e9bde92,0.0,0.0,0.0,0.0,0.0,N/A
685,Kōki Ogawa,FW,jp Japan,28.0,1.nl NEC Nijmegen,1997.0,3.0,0.0,42.0,0.5,0.0,1.0,1.0,0.0,0.0,0.0,0.0,0.0,3d2e8955,2.14,2.14,0.0,0.0,2.14,N/A
686,Braian Ojeda,MF,py Paraguay,25.0,1.us Orlando City,2000.0,1.0,0.0,22.0,0.2,0.0,0.0,0.0,0.0,0.0,0.0,0.0,0.0,60953af0,0.0,0.0,0.0,0.0,0.0,N/A
687,Noah Okafor,FW,ch Switzerland,26.0,1.eng Leeds United,2000.0,1.0,0.0,20.0,0.2,0.0,0.0,0.0,0.0,0.0,0.0,0.0,0.0,ca607d59,0.0,0.0,0.0,0.0,0.0,MF
688,Ime Okon,DF,za South Africa,22.0,2.de Hannover 96,2004.0,4.0,4.0,360.0,4.0,0.0,0.0,0.0,0.0,0.0,0.0,0.0,0.0,3cb58055,0.0,0.0,0.0,0.0,0.0,N/A
689,Paul Okon-Engstler,MF,au Australia,21.0,1.au Sydney FC,2005.0,4.0,2.0,197.0,2.2,0.0,1.0,1.0,0.0,0.0,0.0,0.0,0.0,ecd6464a,0.46,0.46,0.0,0.0,0.46,N/A
690,Ben Old,MF,nz New Zealand,23.0,2.fr Saint-Étienne,2002.0,3.0,0.0,93.0,1.0,0.0,0.0,0.0,0.0,0.0,0.0,0.0,0.0,e14e818c,0.0,0.0,0.0,0.0,0.0,N/A
691,Michael Olise,MF,fr France,24.0,1.de Bayern Munich,2001.0,8.0,8.0,646.0,7.2,0.0,7.0,7.0,0.0,0.0,0.0,1.0,0.0,c4486bac,0.98,0.98,0.0,0.0,0.98,N/A
692,Mathías Olivera,DF,uy Uruguay,28.0,1.it Napoli,1997.0,3.0,3.0,270.0,3.0,0.0,0.0,0.0,0.0,0.0,0.0,1.0,0.0,41c12f75,0.0,0.0,0.0,0.0,0.0,N/A
693,Dani Olmo,MF,es Spain,28.0,1.es Barcelona,1998.0,8.0,6.0,491.0,5.5,0.0,2.0,2.0,0.0,0.0,0.0,0.0,0.0,ae44e8e2,0.37,0.37,0.0,0.0,0.37,N/A
694,Tani Oluwaseyi,FW,ca Canada,26.0,1.es Villarreal,2000.0,5.0,3.0,259.0,2.9,0.0,0.0,0.0,0.0,0.0,0.0,0.0,0.0,950ef017,0.0,0.0,0.0,0.0,0.0,N/A
695,Ali Olwan,MF,jo Jordan,26.0,1.qa Al-Sailiya SC,2000.0,3.0,3.0,268.0,3.0,1.0,0.0,1.0,1.0,0.0,0.0,0.0,0.0,33c1d68d,0.0,0.34,0.34,0.34,0.34,N/A
696,Amadou Onana,MF,be Belgium,24.0,1.eng Aston Villa,2001.0,4.0,2.0,106.0,1.2,0.0,0.0,0.0,0.0,0.0,0.0,0.0,0.0,828657ff,0.0,0.0,0.0,0.0,0.0,N/A
697,Christopher Opéri,DF,ci Côte d'Ivoire,29.0,1.tr Başakşehir,1997.0,1.0,1.0,90.0,1.0,0.0,0.0,0.0,0.0,0.0,0.0,0.0,0.0,914bb955,0.0,0.0,0.0,0.0,0.0,N/A
698,Jerome Opoku,DF,gh Ghana,27.0,1.tr Başakşehir,1998.0,3.0,3.0,270.0,3.0,0.0,0.0,0.0,0.0,0.0,0.0,0.0,0.0,091d6ee5,0.0,0.0,0.0,0.0,0.0,N/A
699,Joel Ordóñez,DF,ec Ecuador,22.0,1.be Club Brugge,2004.0,3.0,3.0,225.0,2.5,0.0,0.0,0.0,0.0,0.0,0.0,0.0,0.0,2990a15c,0.0,0.0,0.0,0.0,0.0,N/A
700,Jonathan Osorio,MF,ca Canada,34.0,1.us Toronto FC,1992.0,2.0,0.0,5.0,0.1,0.0,0.0,0.0,0.0,0.0,0.0,0.0,0.0,70106ff6,0.0,0.0,0.0,0.0,0.0,N/A
701,Nicolás Otamendi,DF,ar Argentina,38.0,1.pt Benfica,1988.0,7.0,1.0,247.0,2.7,0.0,0.0,0.0,0.0,0.0,0.0,0.0,0.0,0d267745,0.0,0.0,0.0,0.0,0.0,N/A
702,Zakaria El Ouahdi,DF,ma Morocco,24.0,1.be Genk,2001.0,1.0,0.0,17.0,0.2,0.0,0.0,0.0,0.0,0.0,0.0,0.0,0.0,a3d79d3c,0.0,0.0,0.0,0.0,0.0,MF
703,Ayoub Al-Oui,DF,qa Qatar,21.0,1.qa Al-Gharafa Sports Club,2005.0,2.0,2.0,149.0,1.7,0.0,0.0,0.0,0.0,0.0,0.0,0.0,0.0,010e5bae,0.0,0.0,0.0,0.0,0.0,N/A
704,Azzedine Ounahi,MF,ma Morocco,26.0,1.es Girona,2000.0,6.0,5.0,435.0,4.8,2.0,0.0,2.0,2.0,0.0,0.0,1.0,0.0,83299cc0,0.0,0.41,0.41,0.41,0.41,N/A
705,Mohammed Al-Owais,GK,sa Saudi Arabia,34.0,1.sa Al-Ula,1991.0,3.0,3.0,270.0,3.0,0.0,0.0,0.0,0.0,0.0,0.0,0.0,0.0,f2c060c6,0.0,0.0,0.0,0.0,0.0,N/A
706,Elisha Owusu,MF,gh Ghana,28.0,1.fr Auxerre,1997.0,3.0,2.0,151.0,1.7,0.0,0.0,0.0,0.0,0.0,0.0,0.0,0.0,e2781082,0.0,0.0,0.0,0.0,0.0,N/A
707,Mikel Oyarzabal,FW,es Spain,29.0,1.es Real Sociedad,1997.0,8.0,8.0,601.0,6.7,5.0,1.0,6.0,4.0,1.0,1.0,0.0,0.0,8c3c640c,0.15,0.9,0.75,0.6,0.75,N/A
708,Salih Özcan,MF,tr Türkiye,28.0,1.de Dortmund,1998.0,2.0,1.0,100.0,1.1,0.0,0.0,0.0,0.0,0.0,0.0,0.0,0.0,15413fa5,0.0,0.0,0.0,0.0,0.0,N/A
709,Willian Pacho,DF,ec Ecuador,24.0,1.fr PSG,2001.0,4.0,4.0,360.0,4.0,0.0,0.0,0.0,0.0,0.0,0.0,0.0,0.0,ecbe2839,0.0,0.0,0.0,0.0,0.0,N/A
710,Kendry Páez,MF,ec Ecuador,19.0,1.ar River Plate,2007.0,1.0,0.0,12.0,0.1,0.0,0.0,0.0,0.0,0.0,0.0,1.0,0.0,f3bb9f59,0.0,0.0,0.0,0.0,0.0,N/A
711,Exequiel Palacios,DF,ar Argentina,27.0,1.de Leverkusen,1998.0,1.0,1.0,90.0,1.0,0.0,0.0,0.0,0.0,0.0,0.0,0.0,0.0,e82adcab,0.0,0.0,0.0,0.0,0.0,N/A
712,Lucas Paquetá,MF,br Brazil,28.0,1.br Flamengo,1997.0,4.0,4.0,233.0,2.6,0.0,1.0,1.0,0.0,0.0,0.0,0.0,0.0,9b6f7fd5,0.39,0.39,0.0,0.0,0.39,N/A
713,Leandro Paredes,MF,ar Argentina,31.0,1.ar Boca Juniors,1994.0,7.0,4.0,473.0,5.3,0.0,0.0,0.0,0.0,0.0,0.0,2.0,0.0,dff153a4,0.0,0.0,0.0,0.0,0.0,N/A
714,Thomas Partey,MF,gh Ghana,33.0,1.es Villarreal,1993.0,3.0,3.0,270.0,3.0,0.0,0.0,0.0,0.0,0.0,0.0,0.0,0.0,529f49ab,0.0,0.0,0.0,0.0,0.0,N/A
715,Marco Pašalić,MF,hr Croatia,25.0,1.us Orlando City,2000.0,3.0,1.0,99.0,1.1,0.0,0.0,0.0,0.0,0.0,0.0,0.0,0.0,1866b0f1,0.0,0.0,0.0,0.0,0.0,N/A
716,Mario Pašalić,MF,hr Croatia,31.0,1.it Atalanta,1995.0,4.0,1.0,123.0,1.4,0.0,0.0,0.0,0.0,0.0,0.0,0.0,0.0,e599253a,0.0,0.0,0.0,0.0,0.0,N/A
717,Nathan Patterson,DF,sct Scotland,24.0,1.eng Everton,2001.0,3.0,2.0,185.0,2.1,0.0,0.0,0.0,0.0,0.0,0.0,0.0,0.0,230f0471,0.0,0.0,0.0,0.0,0.0,N/A
718,João Paulo Fernandes,DF,cv Cabo Verde,28.0,1.ro FCSB,1998.0,2.0,1.0,105.0,1.2,0.0,0.0,0.0,0.0,0.0,0.0,0.0,0.0,afcac9da,0.0,0.0,0.0,0.0,0.0,N/A
719,Aleksandar Pavlovic,MF,de Germany,22.0,1.de Bayern Munich,2004.0,4.0,4.0,272.0,3.0,0.0,0.0,0.0,0.0,0.0,0.0,1.0,0.0,2658c82f,0.0,0.0,0.0,0.0,0.0,N/A
720,Tim Payne,DF,nz New Zealand,32.0,1.au Wellington,1994.0,3.0,3.0,224.0,2.5,0.0,1.0,1.0,0.0,0.0,0.0,0.0,0.0,4e86877c,0.4,0.4,0.0,0.0,0.4,N/A
721,Nicolás Paz,MF,ar Argentina,21.0,1.it Como,2004.0,2.0,1.0,71.0,0.8,0.0,0.0,0.0,0.0,0.0,0.0,0.0,0.0,01bb93d5,0.0,0.0,0.0,0.0,0.0,N/A
722,Marcus Pedersen,DF,no Norway,25.0,1.it Torino,2000.0,4.0,1.0,236.0,2.6,1.0,0.0,1.0,1.0,0.0,0.0,0.0,0.0,596cc50e,0.0,0.38,0.38,0.38,0.38,N/A
723,Pedri,MF,es Spain,23.0,1.es Barcelona,2002.0,8.0,5.0,499.0,5.5,0.0,0.0,0.0,0.0,0.0,0.0,1.0,0.0,0d9b2d31,0.0,0.0,0.0,0.0,0.0,N/A
724,Nicolas Pépé,FW,ci Côte d'Ivoire,31.0,1.es Villarreal,1995.0,4.0,3.0,234.0,2.6,2.0,1.0,3.0,2.0,0.0,0.0,1.0,0.0,57e3f0c7,0.38,1.15,0.77,0.77,1.15,N/A
725,Ricardo Pepi,FW,us United States,23.0,1.nl PSV,2003.0,5.0,2.0,204.0,2.3,0.0,0.0,0.0,0.0,0.0,0.0,0.0,0.0,a2b1ed42,0.0,0.0,0.0,0.0,0.0,N/A
726,Kojo Peprah Oppong,DF,gh Ghana,22.0,1.fr Nice,2004.0,2.0,0.0,49.0,0.5,0.0,0.0,0.0,0.0,0.0,0.0,1.0,0.0,37a6fdb3,0.0,0.0,0.0,0.0,0.0,N/A
727,Ivan Perišić,MF,hr Croatia,37.0,1.nl PSV,1989.0,4.0,4.0,360.0,4.0,1.0,1.0,2.0,1.0,0.0,0.0,2.0,0.0,6fe90922,0.25,0.5,0.25,0.25,0.5,DF
728,Jens Petter Hauge,DF,no Norway,26.0,1.no Bodø/Glimt,1999.0,1.0,0.0,8.0,0.1,0.0,0.0,0.0,0.0,0.0,0.0,0.0,0.0,12c35abe,0.0,0.0,0.0,0.0,0.0,FW
729,Charles Pickel,DF,cd Congo DR,29.0,1.es Espanyol,1997.0,2.0,0.0,35.0,0.4,0.0,0.0,0.0,0.0,0.0,0.0,1.0,0.0,f71ad8cb,0.0,0.0,0.0,0.0,0.0,MF
730,Jordan Pickford,GK,eng England,32.0,1.eng Everton,1994.0,7.0,7.0,660.0,7.3,0.0,0.0,0.0,0.0,0.0,0.0,0.0,0.0,4806ec67,0.0,0.0,0.0,0.0,0.0,N/A
731,Pico,DF,cv Cabo Verde,33.0,1.ie Shamrock,1992.0,4.0,4.0,390.0,4.3,0.0,0.0,0.0,0.0,0.0,0.0,0.0,0.0,faef0f92,0.0,0.0,0.0,0.0,0.0,N/A
732,Frantzdy Pierrot,FW,ht Haiti,31.0,1.tr Rizespor,1995.0,3.0,2.0,143.0,1.6,0.0,0.0,0.0,0.0,0.0,0.0,1.0,0.0,307877be,0.0,0.0,0.0,0.0,0.0,N/A
733,Kevin Pina,MF,cv Cabo Verde,29.0,1.ru Krasnodar,1997.0,4.0,4.0,349.0,3.9,1.0,0.0,1.0,1.0,0.0,0.0,1.0,0.0,296026ae,0.0,0.26,0.26,0.26,0.26,N/A
734,Wagner Pina,DF,cv Cabo Verde,23.0,1.tr Trabzonspor,2002.0,1.0,1.0,89.0,1.0,0.0,0.0,0.0,0.0,0.0,0.0,1.0,0.0,9bf22b95,0.0,0.0,0.0,0.0,0.0,N/A
735,Orbelín Pineda,FW,mx Mexico,30.0,1.gr AEK Athens,1996.0,2.0,0.0,31.0,0.3,0.0,0.0,0.0,0.0,0.0,0.0,0.0,0.0,411fabd7,0.0,0.0,0.0,0.0,0.0,MF
736,Yéremy Pino,FW,es Spain,23.0,1.eng Crystal Palace,2002.0,2.0,0.0,70.0,0.8,0.0,0.0,0.0,0.0,0.0,0.0,0.0,0.0,540ec57b,0.0,0.0,0.0,0.0,0.0,MF
737,Isidro Pitta,FW,py Paraguay,26.0,1.br RB Bragantino,1999.0,1.0,1.0,45.0,0.5,0.0,0.0,0.0,0.0,0.0,0.0,0.0,0.0,e9fc7295,0.0,0.0,0.0,0.0,0.0,N/A
738,Johny Placide,GK,ht Haiti,38.0,2.fr Bastia,1988.0,3.0,3.0,270.0,3.0,0.0,0.0,0.0,0.0,0.0,0.0,1.0,0.0,f1666a9d,0.0,0.0,0.0,0.0,0.0,N/A
739,Gonzalo Plata,FW,ec Ecuador,25.0,1.br Flamengo,2000.0,4.0,4.0,360.0,4.0,1.0,0.0,1.0,1.0,0.0,0.0,1.0,0.0,54bcdeb0,0.0,0.25,0.25,0.25,0.25,N/A
740,Marin Pongračić,DF,hr Croatia,28.0,1.it Fiorentina,1997.0,3.0,3.0,270.0,3.0,0.0,0.0,0.0,0.0,0.0,0.0,0.0,0.0,2a6cd437,0.0,0.0,0.0,0.0,0.0,N/A
741,Jackson Porozo,DF,ec Ecuador,25.0,1.mx Tijuana,2000.0,1.0,0.0,29.0,0.3,0.0,0.0,0.0,0.0,0.0,0.0,1.0,0.0,7d704e92,0.0,0.0,0.0,0.0,0.0,N/A
742,Pedro Porro,DF,es Spain,26.0,1.eng Tottenham,1999.0,6.0,6.0,563.0,6.3,2.0,0.0,2.0,2.0,0.0,0.0,0.0,0.0,27d0a506,0.0,0.32,0.32,0.32,0.32,N/A
743,Stefan Posch,DF,at Austria,29.0,1.de Mainz 05,1997.0,4.0,4.0,331.0,3.7,0.0,0.0,0.0,0.0,0.0,0.0,2.0,0.0,7f609bfc,0.0,0.0,0.0,0.0,0.0,N/A
744,Alexander Prass,DF,at Austria,25.0,1.de Hoffenheim,2001.0,2.0,0.0,29.0,0.3,0.0,0.0,0.0,0.0,0.0,0.0,0.0,0.0,6637e6a7,0.0,0.0,0.0,0.0,0.0,MF
745,Ángelo Preciado,DF,ec Ecuador,28.0,1.br Atlético Mineiro,1998.0,4.0,0.0,109.0,1.2,0.0,0.0,0.0,0.0,0.0,0.0,0.0,0.0,eadc8e4f,0.0,0.0,0.0,0.0,0.0,MF
746,Ruben Providence,MF,ht Haiti,24.0,2.nl Almere City,2001.0,3.0,3.0,220.0,2.4,0.0,0.0,0.0,0.0,0.0,0.0,0.0,0.0,26bab383,0.0,0.0,0.0,0.0,0.0,N/A
747,Lukáš Provod,FW,cz Czechia,29.0,1.cz Slavia Prague,1996.0,3.0,1.0,122.0,1.4,0.0,0.0,0.0,0.0,0.0,0.0,0.0,0.0,8f21b7bd,0.0,0.0,0.0,0.0,0.0,N/A
748,Marc Pubill,DF,es Spain,22.0,1.es Atlético Madrid,2003.0,1.0,0.0,1.0,0.0,0.0,0.0,0.0,0.0,0.0,0.0,0.0,0.0,365113c0,0.0,0.0,0.0,0.0,0.0,N/A
749,Gustavo Puerta,MF,co Colombia,22.0,2.es Racing Sant,2003.0,5.0,5.0,469.0,5.2,0.0,1.0,1.0,0.0,0.0,0.0,1.0,0.0,2c08cab0,0.19,0.19,0.0,0.0,0.19,N/A
750,Christian Pulisic,MF,us United States,27.0,1.it Milan,1998.0,4.0,3.0,223.0,2.5,0.0,1.0,1.0,0.0,0.0,0.0,0.0,0.0,1bf33a9a,0.4,0.4,0.0,0.0,0.4,N/A
751,Ahmed Qasem,MF,iq Iraq,22.0,1.us Nashville SC,2003.0,3.0,2.0,123.0,1.4,0.0,0.0,0.0,0.0,0.0,0.0,0.0,0.0,27219ecb,0.0,0.0,0.0,0.0,0.0,FW
752,Jarell Quansah,DF,eng England,23.0,1.de Leverkusen,2003.0,3.0,3.0,197.0,2.2,0.0,0.0,0.0,0.0,0.0,0.0,1.0,1.0,4125cb98,0.0,0.0,0.0,0.0,0.0,N/A
753,Julián Quiñones,FW,mx Mexico,29.0,1.sa Al-Qadsiah,1997.0,5.0,5.0,410.0,4.6,4.0,1.0,5.0,4.0,0.0,0.0,0.0,0.0,5535c728,0.22,1.1,0.88,0.88,1.1,MF
754,Alberto Quintero,FW,pa Panama,38.0,1.pa Plaza Amador,1987.0,1.0,0.0,3.0,0.0,0.0,0.0,0.0,0.0,0.0,0.0,0.0,0.0,5854ae43,0.0,0.0,0.0,0.0,0.0,MF
755,Juan Quintero,FW,co Colombia,33.0,1.ar River Plate,1993.0,4.0,0.0,121.0,1.3,0.0,1.0,1.0,0.0,0.0,0.0,0.0,0.0,540d0b37,0.74,0.74,0.0,0.0,0.74,MF
756,Ramy Rabia,DF,eg Egypt,33.0,1.ae Al Ain,1993.0,5.0,3.0,372.0,4.1,0.0,0.0,0.0,0.0,0.0,0.0,0.0,0.0,e32afa36,0.0,0.0,0.0,0.0,0.0,N/A
757,Adrien Rabiot,MF,fr France,31.0,1.it Milan,1995.0,7.0,7.0,585.0,6.5,0.0,1.0,1.0,0.0,0.0,0.0,1.0,0.0,8794e251,0.15,0.15,0.0,0.0,0.15,N/A
758,Stjepan Radeljić,DF,ba Bosnia–Herz,28.0,1.hr Rijeka,1997.0,2.0,2.0,180.0,2.0,0.0,0.0,0.0,0.0,0.0,0.0,1.0,0.0,30e03a25,0.0,0.0,0.0,0.0,0.0,N/A
759,Soufiane Rahimi,FW,ma Morocco,30.0,1.ae Al Ain,1996.0,6.0,0.0,163.0,1.8,2.0,1.0,3.0,2.0,0.0,0.0,0.0,0.0,f126a259,0.55,1.66,1.1,1.1,1.66,N/A
760,Abdul Rahman Baba,DF,gh Ghana,31.0,1.gr PAOK,1994.0,1.0,0.0,1.0,0.0,0.0,0.0,0.0,0.0,0.0,0.0,0.0,0.0,e4086af3,0.0,0.0,0.0,0.0,0.0,MF
761,Anthony Ralston,DF,sct Scotland,27.0,1.sct Celtic,1998.0,2.0,0.0,11.0,0.1,0.0,0.0,0.0,0.0,0.0,0.0,0.0,0.0,56208b05,0.0,0.0,0.0,0.0,0.0,N/A
762,Gonçalo Ramos,FW,pt Portugal,24.0,1.fr PSG,2001.0,2.0,0.0,36.0,0.4,1.0,0.0,1.0,1.0,0.0,0.0,0.0,0.0,f63cda26,0.0,2.5,2.5,2.5,2.5,N/A
763,Jiovany Ramos,DF,pa Panama,29.0,1.ve Puerto Cabello,1997.0,2.0,2.0,166.0,1.8,0.0,0.0,0.0,0.0,0.0,0.0,0.0,0.0,30cda59f,0.0,0.0,0.0,0.0,0.0,N/A
764,Jesse Randall,MF,nz New Zealand,23.0,1.au Auckland FC,2002.0,3.0,0.0,61.0,0.7,0.0,0.0,0.0,0.0,0.0,0.0,0.0,0.0,513ec88e,0.0,0.0,0.0,0.0,0.0,N/A
765,Raúl Rangel,GK,mx Mexico,26.0,1.mx Guadalajara,2000.0,5.0,5.0,437.0,4.9,0.0,0.0,0.0,0.0,0.0,0.0,0.0,0.0,15f733fb,0.0,0.0,0.0,0.0,0.0,N/A
766,Raphinha,MF,br Brazil,29.0,1.es Barcelona,1996.0,2.0,2.0,129.0,1.4,0.0,0.0,0.0,0.0,0.0,0.0,0.0,0.0,3423f250,0.0,0.0,0.0,0.0,0.0,FW
767,Nizar Al Rashdan,MF,jo Jordan,27.0,1.qa Qatar SC,1999.0,3.0,3.0,255.0,2.8,1.0,0.0,1.0,1.0,0.0,0.0,0.0,0.0,feaa0ffd,0.0,0.35,0.35,0.35,0.35,N/A
768,Marcus Rashford,MF,eng England,28.0,1.es Barcelona,1997.0,6.0,3.0,223.0,2.5,1.0,1.0,2.0,1.0,0.0,0.0,0.0,0.0,a1d5bd30,0.4,0.81,0.4,0.4,0.81,N/A
769,Nicolas Raskin,MF,be Belgium,25.0,1.sct Rangers,2001.0,6.0,3.0,341.0,3.8,0.0,2.0,2.0,0.0,0.0,0.0,0.0,0.0,dba1f190,0.53,0.53,0.0,0.0,0.53,N/A
770,David Raum,DF,de Germany,28.0,1.de RB Leipzig,1998.0,2.0,1.0,108.0,1.2,0.0,0.0,0.0,0.0,0.0,0.0,0.0,0.0,7d450ed3,0.0,0.0,0.0,0.0,0.0,N/A
771,Noor Al Rawabdeh,MF,jo Jordan,29.0,1.my Selangor FA,1997.0,3.0,3.0,270.0,3.0,0.0,1.0,1.0,0.0,0.0,0.0,0.0,0.0,3bb06c86,0.33,0.33,0.0,0.0,0.33,N/A
772,Rayan,FW,br Brazil,19.0,1.eng Bournemouth,2006.0,4.0,3.0,288.0,3.2,0.0,1.0,1.0,0.0,0.0,0.0,0.0,0.0,288647fc,0.31,0.31,0.0,0.0,0.31,MF
773,Iqraam Rayners,FW,za South Africa,30.0,1.za Sundowns,1995.0,4.0,2.0,161.0,1.8,0.0,0.0,0.0,0.0,0.0,0.0,0.0,0.0,190b0d5e,0.0,0.0,0.0,0.0,0.0,N/A
774,Tim Ream,DF,us United States,38.0,1.us Charlotte,1987.0,4.0,4.0,360.0,4.0,0.0,0.0,0.0,0.0,0.0,0.0,0.0,0.0,28b40c9c,0.0,0.0,0.0,0.0,0.0,N/A
775,Tijjani Reijnders,MF,nl Netherlands,27.0,1.eng Manchester City,1998.0,3.0,3.0,199.0,2.2,0.0,1.0,1.0,0.0,0.0,0.0,0.0,0.0,afb61630,0.45,0.45,0.0,0.0,0.45,N/A
776,Omar Rekik,DF,tn Tunisia,24.0,1.si NK Maribor,2001.0,2.0,2.0,180.0,2.0,1.0,0.0,1.0,1.0,0.0,0.0,0.0,0.0,e69e0f7b,0.0,0.5,0.5,0.5,0.5,N/A
777,Israel Reyes,DF,mx Mexico,26.0,1.mx América,2000.0,4.0,2.0,202.0,2.2,0.0,0.0,0.0,0.0,0.0,0.0,0.0,0.0,0db8bbc4,0.0,0.0,0.0,0.0,0.0,N/A
778,Gio Reyna,MF,us United States,23.0,1.de Gladbach,2002.0,5.0,1.0,131.0,1.5,1.0,0.0,1.0,1.0,0.0,0.0,0.0,0.0,7fa4e703,0.0,0.69,0.69,0.69,0.69,N/A
779,Ramin Rezaeian,DF,ir IR Iran,36.0,1.ir Foolad,1990.0,3.0,3.0,270.0,3.0,2.0,1.0,3.0,2.0,0.0,0.0,0.0,0.0,c0ae3446,0.33,1.0,0.67,0.67,1.0,MF
780,Chadi Riad,DF,ma Morocco,22.0,1.eng Crystal Palace,2003.0,4.0,4.0,344.0,3.8,0.0,1.0,1.0,0.0,0.0,0.0,0.0,0.0,b3b9b8b8,0.26,0.26,0.0,0.0,0.26,N/A
781,Declan Rice,MF,eng England,27.0,1.eng Arsenal,1999.0,7.0,7.0,557.0,6.2,1.0,2.0,3.0,1.0,0.0,0.0,2.0,0.0,1c7012b8,0.32,0.48,0.16,0.16,0.48,N/A
782,Chris Richards,DF,us United States,26.0,1.eng Crystal Palace,2000.0,4.0,4.0,360.0,4.0,0.0,0.0,0.0,0.0,0.0,0.0,1.0,0.0,0a3d6d2b,0.0,0.0,0.0,0.0,0.0,N/A
783,Fabian Rieder,MF,ch Switzerland,24.0,1.de Augsburg,2002.0,5.0,3.0,302.0,3.4,0.0,0.0,0.0,0.0,0.0,0.0,0.0,0.0,c2bd8585,0.0,0.0,0.0,0.0,0.0,FW
784,Richard Ríos,MF,co Colombia,26.0,1.pt Benfica,2000.0,5.0,0.0,140.0,1.6,0.0,0.0,0.0,0.0,0.0,0.0,1.0,0.0,72da065d,0.0,0.0,0.0,0.0,0.0,N/A
785,Ró-Ró,DF,qa Qatar,35.0,1.qa Al Sadd,1990.0,3.0,3.0,270.0,3.0,0.0,0.0,0.0,0.0,0.0,0.0,0.0,0.0,8735fe66,0.0,0.0,0.0,0.0,0.0,N/A
786,Andy Robertson,DF,sct Scotland,32.0,1.eng Liverpool,1994.0,3.0,3.0,225.0,2.5,0.0,0.0,0.0,0.0,0.0,0.0,1.0,0.0,2e4f5f03,0.0,0.0,0.0,0.0,0.0,N/A
787,Antonee Robinson,DF,us United States,28.0,1.eng Fulham,1997.0,4.0,4.0,348.0,3.9,0.0,0.0,0.0,0.0,0.0,0.0,1.0,0.0,289601e6,0.0,0.0,0.0,0.0,0.0,MF
788,Miles Robinson,DF,us United States,29.0,1.us FC Cincinnati,1997.0,1.0,1.0,90.0,1.0,0.0,0.0,0.0,0.0,0.0,0.0,0.0,0.0,782a95d9,0.0,0.0,0.0,0.0,0.0,N/A
789,Sergio Rochet,GK,uy Uruguay,33.0,1.br Internacional,1993.0,1.0,0.0,45.0,0.5,0.0,0.0,0.0,0.0,0.0,0.0,0.0,0.0,81b99b9e,0.0,0.0,0.0,0.0,0.0,N/A
790,Rodri,MF,es Spain,29.0,1.eng Manchester City,1996.0,8.0,8.0,724.0,8.0,0.0,0.0,0.0,0.0,0.0,0.0,0.0,0.0,6434f10d,0.0,0.0,0.0,0.0,0.0,N/A
791,Garry Rodrigues,MF,cv Cabo Verde,35.0,1.cy Apollon Limassol,1990.0,2.0,1.0,76.0,0.8,0.0,0.0,0.0,0.0,0.0,0.0,0.0,0.0,149895bf,0.0,0.0,0.0,0.0,0.0,N/A
792,Brian Rodríguez,FW,uy Uruguay,26.0,1.mx América,2000.0,3.0,0.0,41.0,0.5,0.0,0.0,0.0,0.0,0.0,0.0,0.0,0.0,c86041d7,0.0,0.0,0.0,0.0,0.0,MF
793,James Rodríguez,FW,co Colombia,34.0,1.us Minnesota Utd,1991.0,5.0,5.0,313.0,3.5,0.0,0.0,0.0,0.0,0.0,0.0,0.0,0.0,715bf047,0.0,0.0,0.0,0.0,0.0,MF
794,Kevin Rodríguez,FW,ec Ecuador,26.0,1.be Union SG,2000.0,4.0,0.0,118.0,1.3,0.0,1.0,1.0,0.0,0.0,0.0,0.0,0.0,189fb038,0.76,0.76,0.0,0.0,0.76,N/A
795,Ricardo Rodríguez,DF,ch Switzerland,33.0,1.es Real Betis,1992.0,6.0,6.0,517.0,5.7,0.0,1.0,1.0,0.0,0.0,0.0,0.0,0.0,7f78ad23,0.17,0.17,0.0,0.0,0.17,N/A
796,Tomás Rodríguez,FW,pa Panama,27.0,1.cr Saprissa,1999.0,2.0,1.0,46.0,0.5,0.0,0.0,0.0,0.0,0.0,0.0,0.0,0.0,59f97bc8,0.0,0.0,0.0,0.0,0.0,N/A
797,Godfried Roemeratoe,MF,cw Curaçao,26.0,2.nl RKC Waalwijk,1999.0,1.0,0.0,7.0,0.1,0.0,0.0,0.0,0.0,0.0,0.0,0.0,0.0,a646b710,0.0,0.0,0.0,0.0,0.0,N/A
798,Morgan Rogers,MF,eng England,23.0,1.eng Aston Villa,2002.0,7.0,3.0,339.0,3.8,0.0,1.0,1.0,0.0,0.0,0.0,0.0,0.0,2e5915f1,0.27,0.27,0.0,0.0,0.27,N/A
799,Cristian Romero,DF,ar Argentina,28.0,1.eng Tottenham,1998.0,7.0,7.0,608.0,6.8,1.0,0.0,1.0,1.0,0.0,0.0,2.0,0.0,a3d94a58,0.0,0.15,0.15,0.15,0.15,N/A
800,Luis Romo,MF,mx Mexico,31.0,1.mx Guadalajara,1995.0,4.0,4.0,264.0,2.9,1.0,1.0,2.0,1.0,0.0,0.0,0.0,0.0,e590bb10,0.34,0.68,0.34,0.34,0.68,N/A
801,Cristiano Ronaldo,FW,pt Portugal,41.0,1.sa Al-Nassr,1985.0,5.0,5.0,440.0,4.9,3.0,0.0,3.0,2.0,1.0,1.0,0.0,0.0,dea698d9,0.0,0.61,0.61,0.41,0.41,N/A
802,Eloy Room,GK,cw Curaçao,37.0,2.us Miami FC,1989.0,3.0,3.0,270.0,3.0,0.0,0.0,0.0,0.0,0.0,0.0,0.0,0.0,6b33d86b,0.0,0.0,0.0,0.0,0.0,N/A
803,Marten de Roon,DF,nl Netherlands,35.0,1.it Atalanta,1991.0,1.0,0.0,11.0,0.1,0.0,0.0,0.0,0.0,0.0,0.0,0.0,0.0,2a1beb34,0.0,0.0,0.0,0.0,0.0,MF
804,Saed Al-Rosan,DF,jo Jordan,29.0,1.jo Al-Hussein SC,1997.0,1.0,0.0,10.0,0.1,0.0,0.0,0.0,0.0,0.0,0.0,0.0,0.0,f3115445,0.0,0.0,0.0,0.0,0.0,N/A
805,Antonio Rüdiger,DF,de Germany,33.0,1.es Real Madrid,1993.0,4.0,2.0,262.0,2.9,0.0,0.0,0.0,0.0,0.0,0.0,0.0,0.0,18b896d6,0.0,0.0,0.0,0.0,0.0,N/A
806,Fabián Ruiz Peña,MF,es Spain,30.0,1.fr PSG,1996.0,8.0,4.0,321.0,3.6,1.0,0.0,1.0,1.0,0.0,0.0,0.0,0.0,c0c7ff58,0.0,0.28,0.28,0.28,0.28,N/A
807,Mathew Ryan,GK,au Australia,34.0,1.es Levante,1992.0,1.0,0.0,2.0,0.0,0.0,0.0,0.0,0.0,0.0,0.0,0.0,0.0,4535e4bb,0.0,0.0,0.0,0.0,0.0,N/A
808,Julian Ryerson,DF,no Norway,28.0,1.de Dortmund,1997.0,4.0,4.0,223.0,2.5,0.0,0.0,0.0,0.0,0.0,0.0,0.0,0.0,009a4f60,0.0,0.0,0.0,0.0,0.0,N/A
809,Elias Saad,MF,tn Tunisia,26.0,2.de Hannover 96,1999.0,2.0,2.0,116.0,1.3,0.0,0.0,0.0,0.0,0.0,0.0,0.0,0.0,78a2284f,0.0,0.0,0.0,0.0,0.0,FW
810,Marwane Saâdane,DF,ma Morocco,34.0,1.sa Al-Fateh,1992.0,1.0,0.0,4.0,0.0,0.0,0.0,0.0,0.0,0.0,0.0,0.0,0.0,14f47102,0.0,0.0,0.0,0.0,0.0,MF
811,Mustafa Saadoon,DF,iq Iraq,25.0,1.iq Al-Shorta,2001.0,1.0,0.0,18.0,0.2,0.0,0.0,0.0,0.0,0.0,0.0,0.0,0.0,928dc5c9,0.0,0.0,0.0,0.0,0.0,N/A
812,Mahmoud Saber,MF,eg Egypt,24.0,1.eg ZED,2001.0,2.0,1.0,46.0,0.5,1.0,0.0,1.0,1.0,0.0,0.0,1.0,0.0,632c42f5,0.0,1.96,1.96,1.96,1.96,N/A
813,Marcel Sabitzer,MF,at Austria,32.0,1.de Dortmund,1994.0,4.0,4.0,360.0,4.0,1.0,0.0,1.0,1.0,0.0,0.0,1.0,0.0,e280527c,0.0,0.25,0.25,0.25,0.25,N/A
814,Noah Sadiki,MF,cd Congo DR,21.0,1.eng Sunderland,2004.0,4.0,2.0,259.0,2.9,0.0,0.0,0.0,0.0,0.0,0.0,2.0,0.0,645481cc,0.0,0.0,0.0,0.0,0.0,N/A
815,Michal Sadílek,MF,cz Czechia,27.0,1.cz Slavia Prague,1999.0,3.0,2.0,183.0,2.0,1.0,0.0,1.0,1.0,0.0,0.0,0.0,0.0,7c9fa389,0.0,0.49,0.49,0.49,0.49,N/A
816,Alexis Saelemaekers,MF,be Belgium,26.0,1.it Milan,1999.0,4.0,1.0,83.0,0.9,1.0,0.0,1.0,1.0,0.0,0.0,0.0,0.0,ee251371,0.0,1.08,1.08,1.08,1.08,N/A
817,Ismael Saibari,FW,ma Morocco,25.0,1.nl PSV,2001.0,5.0,5.0,381.0,4.2,3.0,0.0,3.0,3.0,0.0,0.0,0.0,0.0,3ec9f005,0.0,0.71,0.71,0.71,0.71,N/A
818,Bukayo Saka,MF,eng England,24.0,1.eng Arsenal,2001.0,7.0,3.0,358.0,4.0,3.0,3.0,6.0,2.0,1.0,1.0,0.0,0.0,bc7dc64d,0.75,1.51,0.75,0.5,1.26,N/A
819,Mohamed Salah,FW,eg Egypt,33.0,1.eng Liverpool,1992.0,5.0,5.0,425.0,4.7,1.0,2.0,3.0,1.0,0.0,0.0,0.0,0.0,e342ad68,0.42,0.64,0.21,0.21,0.64,MF
820,Anass Salah-Eddine,DF,ma Morocco,24.0,1.nl PSV,2002.0,4.0,2.0,212.0,2.4,0.0,0.0,0.0,0.0,0.0,0.0,0.0,0.0,0d274394,0.0,0.0,0.0,0.0,0.0,N/A
821,Nathan Saliba,MF,ca Canada,22.0,1.be Anderlecht,2004.0,3.0,2.0,182.0,2.0,1.0,2.0,3.0,1.0,0.0,0.0,1.0,0.0,44cfc681,0.99,1.48,0.49,0.49,1.48,N/A
822,William Saliba,DF,fr France,25.0,1.eng Arsenal,2001.0,6.0,6.0,479.0,5.3,0.0,0.0,0.0,0.0,0.0,0.0,0.0,0.0,972aeb2a,0.0,0.0,0.0,0.0,0.0,N/A
823,Shurandy Sambo,DF,cw Curaçao,24.0,1.nl Sparta R.,2001.0,1.0,0.0,1.0,0.0,0.0,0.0,0.0,0.0,0.0,0.0,0.0,0.0,4b1d5a70,0.0,0.0,0.0,0.0,0.0,N/A
824,Antonio Sanabria,FW,py Paraguay,30.0,1.it Cremonese,1996.0,2.0,1.0,83.0,0.9,0.0,0.0,0.0,0.0,0.0,0.0,0.0,0.0,0a447501,0.0,0.0,0.0,0.0,0.0,N/A
825,Davinson Sánchez,DF,co Colombia,30.0,1.tr Galatasaray,1996.0,5.0,5.0,480.0,5.3,0.0,0.0,0.0,0.0,0.0,0.0,1.0,0.0,da7b447d,0.0,0.0,0.0,0.0,0.0,N/A
826,Jorge Sánchez,DF,mx Mexico,28.0,1.gr PAOK,1997.0,4.0,4.0,348.0,3.9,0.0,1.0,1.0,0.0,0.0,0.0,1.0,0.0,c8d1c3a5,0.26,0.26,0.0,0.0,0.26,N/A
827,Alex Sandro,DF,br Brazil,35.0,1.br Flamengo,1991.0,1.0,0.0,9.0,0.1,0.0,0.0,0.0,0.0,0.0,0.0,0.0,0.0,0d82903c,0.0,0.0,0.0,0.0,0.0,MF
828,Leroy Sané,MF,de Germany,30.0,1.tr Galatasaray,1996.0,4.0,4.0,326.0,3.6,1.0,0.0,1.0,1.0,0.0,0.0,0.0,0.0,2b114be3,0.0,0.28,0.28,0.28,0.28,N/A
829,Ibrahim Sangaré,MF,ci Côte d'Ivoire,28.0,1.eng Nottingham,1997.0,4.0,3.0,268.0,3.0,0.0,1.0,1.0,0.0,0.0,0.0,0.0,0.0,bced0375,0.34,0.34,0.0,0.0,0.34,N/A
830,Kaishū Sano,MF,jp Japan,25.0,1.de Mainz 05,2000.0,3.0,3.0,270.0,3.0,1.0,1.0,2.0,1.0,0.0,0.0,1.0,0.0,7a7a6361,0.33,0.67,0.33,0.33,0.67,N/A
831,Danilo Santos,MF,br Brazil,25.0,1.br Botafogo–RJ,2001.0,4.0,0.0,46.0,0.5,0.0,0.0,0.0,0.0,0.0,0.0,0.0,0.0,a816dbfb,0.0,0.0,0.0,0.0,0.0,N/A
832,Douglas Santos,DF,br Brazil,32.0,1.ru Zenit,1994.0,5.0,5.0,441.0,4.9,0.0,0.0,0.0,0.0,0.0,0.0,1.0,0.0,c50e5bba,0.0,0.0,0.0,0.0,0.0,N/A
833,Bara Sapoko Ndiaye,MF,sn Senegal,18.0,1.de Bayern Munich,2007.0,1.0,0.0,26.0,0.3,0.0,0.0,0.0,0.0,0.0,0.0,0.0,0.0,fa080d50,0.0,0.0,0.0,0.0,0.0,N/A
834,Ismaila Sarr,MF,sn Senegal,28.0,1.eng Crystal Palace,1998.0,4.0,4.0,364.0,4.0,4.0,1.0,5.0,4.0,0.0,0.0,0.0,0.0,bfdb33aa,0.25,1.24,0.99,0.99,1.24,FW
835,Farrukh Sayfiev,DF,uz Uzbekistan,35.0,1.uz Neftchi FK,1991.0,1.0,0.0,45.0,0.5,0.0,0.0,0.0,0.0,0.0,0.0,0.0,0.0,bad66fb5,0.0,0.0,0.0,0.0,0.0,MF
836,Amine Sbai,FW,ma Morocco,25.0,1.fr Angers,2000.0,1.0,0.0,6.0,0.1,0.0,0.0,0.0,0.0,0.0,0.0,0.0,0.0,bafbe06a,0.0,0.0,0.0,0.0,0.0,MF
837,Joe Scally,DF,us United States,23.0,1.de Gladbach,2002.0,2.0,1.0,87.0,1.0,0.0,0.0,0.0,0.0,0.0,0.0,0.0,0.0,236f02cd,0.0,0.0,0.0,0.0,0.0,N/A
838,Patrik Schick,FW,cz Czechia,30.0,1.de Leverkusen,1996.0,3.0,2.0,180.0,2.0,0.0,0.0,0.0,0.0,0.0,0.0,0.0,0.0,5d4f7d61,0.0,0.0,0.0,0.0,0.0,N/A
839,Andreas Schjelderup,FW,no Norway,22.0,1.pt Benfica,2004.0,6.0,2.0,252.0,2.8,1.0,3.0,4.0,1.0,0.0,0.0,0.0,0.0,a427724f,1.07,1.43,0.36,0.36,1.43,N/A
840,Alexander Schlager,GK,at Austria,30.0,1.at RB Salzburg,1996.0,4.0,4.0,360.0,4.0,0.0,0.0,0.0,0.0,0.0,0.0,0.0,0.0,6fe5c35b,0.0,0.0,0.0,0.0,0.0,N/A
841,Xaver Schlager,MF,at Austria,28.0,1.de RB Leipzig,1997.0,4.0,4.0,238.0,2.6,0.0,1.0,1.0,0.0,0.0,0.0,0.0,0.0,8f056768,0.38,0.38,0.0,0.0,0.38,N/A
842,Nico Schlotterbeck,DF,de Germany,26.0,1.de Dortmund,1999.0,2.0,2.0,135.0,1.5,1.0,0.0,1.0,1.0,0.0,0.0,0.0,0.0,34e12499,0.0,0.67,0.67,0.67,0.67,N/A
843,Romano Schmid,MF,at Austria,26.0,1.de Werder Bremen,2000.0,4.0,4.0,263.0,2.9,1.0,0.0,1.0,1.0,0.0,0.0,0.0,0.0,220ace7e,0.0,0.34,0.34,0.34,0.34,FW
844,Kamogelo Sebelebele,DF,za South Africa,23.0,1.za Orlando Pirates,2002.0,1.0,0.0,7.0,0.1,0.0,0.0,0.0,0.0,0.0,0.0,0.0,0.0,cc014f7d,0.0,0.0,0.0,0.0,0.0,MF
845,Abdoulaye Seck,DF,sn Senegal,34.0,1.il Maccabi Haifa,1992.0,1.0,1.0,57.0,0.6,0.0,1.0,1.0,0.0,0.0,0.0,1.0,0.0,f07a0fe5,1.58,1.58,0.0,0.0,1.58,N/A
846,Alidu Seidu,DF,gh Ghana,26.0,1.fr Rennes,2000.0,1.0,0.0,78.0,0.9,0.0,0.0,0.0,0.0,0.0,0.0,1.0,0.0,cea59f02,0.0,0.0,0.0,0.0,0.0,N/A
847,Nicolas Seiwald,MF,at Austria,25.0,1.de RB Leipzig,2001.0,4.0,4.0,315.0,3.5,0.0,0.0,0.0,0.0,0.0,0.0,0.0,0.0,28c6e925,0.0,0.0,0.0,0.0,0.0,N/A
848,Ayumu Seko,DF,jp Japan,26.0,1.fr Le Havre,2000.0,2.0,1.0,86.0,1.0,0.0,0.0,0.0,0.0,0.0,0.0,0.0,0.0,5c6a4059,0.0,0.0,0.0,0.0,0.0,N/A
849,Egil Selvik,GK,no Norway,28.0,2.eng Watford,1997.0,1.0,1.0,90.0,1.0,0.0,0.0,0.0,0.0,0.0,0.0,0.0,0.0,05d89c1c,0.0,0.0,0.0,0.0,0.0,N/A
850,Ken Sema,FW,se Sweden,32.0,1.cy Pafos FC,1993.0,1.0,0.0,16.0,0.2,0.0,0.0,0.0,0.0,0.0,0.0,0.0,0.0,1770bd68,0.0,0.0,0.0,0.0,0.0,MF
851,Nélson Semedo,DF,pt Portugal,32.0,1.tr Fenerbahçe,1993.0,4.0,0.0,127.0,1.4,0.0,0.0,0.0,0.0,0.0,0.0,1.0,0.0,d04b94db,0.0,0.0,0.0,0.0,0.0,MF
852,Willy Semedo,FW,cv Cabo Verde,32.0,1.cy AC Omonia,1994.0,3.0,1.0,131.0,1.5,0.0,0.0,0.0,0.0,0.0,0.0,0.0,0.0,d1edc98f,0.0,0.0,0.0,0.0,0.0,N/A
853,Antoine Semenyo,MF,gh Ghana,26.0,1.eng Manchester City,2000.0,4.0,4.0,360.0,4.0,0.0,0.0,0.0,0.0,0.0,0.0,0.0,0.0,efd2ec23,0.0,0.0,0.0,0.0,0.0,FW
854,Marvin Senaya,DF,gh Ghana,25.0,1.fr Auxerre,2001.0,4.0,4.0,278.0,3.1,0.0,0.0,0.0,0.0,0.0,0.0,0.0,0.0,1d383c10,0.0,0.0,0.0,0.0,0.0,N/A
855,Marcos Senesi,DF,ar Argentina,29.0,1.eng Bournemouth,1997.0,2.0,1.0,109.0,1.2,0.0,0.0,0.0,0.0,0.0,0.0,0.0,0.0,35141f4c,0.0,0.0,0.0,0.0,0.0,N/A
856,Igor Sergeev,FW,uz Uzbekistan,33.0,1.ir Persepolis,1993.0,3.0,0.0,28.0,0.3,0.0,0.0,0.0,0.0,0.0,0.0,0.0,0.0,8df41977,0.0,0.0,0.0,0.0,0.0,N/A
857,Jean Seri,MF,ci Côte d'Ivoire,34.0,1.si NK Maribor,1991.0,1.0,0.0,14.0,0.2,0.0,0.0,0.0,0.0,0.0,0.0,0.0,0.0,10efd0e1,0.0,0.0,0.0,0.0,0.0,N/A
858,Kim Seung-gyu,GK,kr Korea Republic,35.0,1.jp FC Tokyo,1990.0,3.0,3.0,270.0,3.0,0.0,0.0,0.0,0.0,0.0,0.0,0.0,0.0,eabaafa6,0.0,0.0,0.0,0.0,0.0,N/A
859,Paik Seung-ho,MF,kr Korea Republic,29.0,2.eng Birmingham City,1997.0,3.0,3.0,204.0,2.3,0.0,0.0,0.0,0.0,0.0,0.0,1.0,0.0,1e1bea09,0.0,0.0,0.0,0.0,0.0,N/A
860,Joaquin Seys,DF,be Belgium,21.0,1.be Club Brugge,2005.0,1.0,0.0,30.0,0.3,0.0,0.0,0.0,0.0,0.0,0.0,0.0,0.0,0beabf0a,0.0,0.0,0.0,0.0,0.0,N/A
861,Jacob Shaffelburg,MF,ca Canada,26.0,1.us LAFC,1999.0,5.0,0.0,92.0,1.0,0.0,0.0,0.0,0.0,0.0,0.0,0.0,0.0,339a2561,0.0,0.0,0.0,0.0,0.0,N/A
862,Mohammed Abu Al-Shamat,MF,sa Saudi Arabia,23.0,1.sa Al-Qadsiah,2002.0,3.0,1.0,136.0,1.5,0.0,0.0,0.0,0.0,0.0,0.0,0.0,0.0,dd65e243,0.0,0.0,0.0,0.0,0.0,N/A
863,Lawrence Shankland,FW,sct Scotland,30.0,1.sct Hearts,1995.0,2.0,2.0,171.0,1.9,0.0,0.0,0.0,0.0,0.0,0.0,0.0,0.0,63b1a176,0.0,0.0,0.0,0.0,0.0,N/A
864,Sharara,FW,jo Jordan,28.0,1.ma Raja Casablanca,1997.0,2.0,0.0,2.0,0.0,0.0,0.0,0.0,0.0,0.0,0.0,1.0,0.0,67e2aed8,0.0,0.0,0.0,0.0,0.0,N/A
865,Aimar Sher,MF,iq Iraq,23.0,1.no Sarpsborg 08,2002.0,1.0,0.0,23.0,0.3,0.0,0.0,0.0,0.0,0.0,0.0,0.0,0.0,ef301f96,0.0,0.0,0.0,0.0,0.0,N/A
866,Kento Shiogai,FW,jp Japan,21.0,1.de Wolfsburg,2005.0,1.0,0.0,7.0,0.1,0.0,0.0,0.0,0.0,0.0,0.0,0.0,0.0,6bc2fef7,0.0,0.0,0.0,0.0,0.0,N/A
867,Mostafa Shobeir,GK,eg Egypt,26.0,1.eg Al Ahly,2000.0,5.0,5.0,480.0,5.3,0.0,0.0,0.0,0.0,0.0,0.0,1.0,0.0,0cb1d2ba,0.0,0.0,0.0,0.0,0.0,N/A
868,Eldor Shomurodov,FW,uz Uzbekistan,30.0,1.tr Başakşehir,1995.0,3.0,3.0,269.0,3.0,1.0,0.0,1.0,1.0,0.0,0.0,0.0,0.0,57469b2d,0.0,0.33,0.33,0.33,0.33,N/A
869,Otabek Shukurov,MF,uz Uzbekistan,29.0,1.ae Baniyas FC,1996.0,3.0,3.0,237.0,2.6,0.0,0.0,0.0,0.0,0.0,0.0,0.0,0.0,62032a56,0.0,0.0,0.0,0.0,0.0,N/A
870,Nkosinathi Sibisi,DF,za South Africa,30.0,1.za Orlando Pirates,1995.0,1.0,1.0,90.0,1.0,0.0,0.0,0.0,0.0,0.0,0.0,1.0,0.0,932f8e2b,0.0,0.0,0.0,0.0,0.0,N/A
871,Kwasi Sibo,MF,gh Ghana,27.0,1.es Oviedo,1998.0,4.0,3.0,248.0,2.8,0.0,0.0,0.0,0.0,0.0,0.0,0.0,0.0,be834ad7,0.0,0.0,0.0,0.0,0.0,N/A
872,Niko Sigur,MF,ca Canada,22.0,1.hr Hajduk Split,2003.0,3.0,1.0,126.0,1.4,0.0,0.0,0.0,0.0,0.0,0.0,1.0,0.0,5c56986b,0.0,0.0,0.0,0.0,0.0,N/A
873,Bernardo Silva,MF,pt Portugal,31.0,1.eng Manchester City,1994.0,4.0,1.0,97.0,1.1,0.0,0.0,0.0,0.0,0.0,0.0,2.0,0.0,3eb22ec9,0.0,0.0,0.0,0.0,0.0,N/A
874,Éderson Silva,MF,br Brazil,26.0,1.it Atalanta,1999.0,2.0,0.0,22.0,0.2,0.0,0.0,0.0,0.0,0.0,0.0,0.0,0.0,a9202def,0.0,0.0,0.0,0.0,0.0,N/A
875,Giuliano Simeone,FW,ar Argentina,23.0,1.es Atlético Madrid,2002.0,3.0,2.0,192.0,2.1,0.0,0.0,0.0,0.0,0.0,0.0,0.0,0.0,a6536561,0.0,0.0,0.0,0.0,0.0,N/A
876,Dominique Simon,MF,ht Haiti,25.0,1.sk 1. FC Tatran Prešov B,2000.0,2.0,0.0,56.0,0.6,0.0,0.0,0.0,0.0,0.0,0.0,0.0,0.0,ffd8e8c5,0.0,0.0,0.0,0.0,0.0,N/A
877,Unai Simón,GK,es Spain,29.0,1.es Athletic Club,1997.0,8.0,8.0,750.0,8.3,0.0,0.0,0.0,0.0,0.0,0.0,0.0,0.0,5dcf3e90,0.0,0.0,0.0,0.0,0.0,N/A
878,Sarpreet Singh,MF,nz New Zealand,27.0,1.au Wellington,1999.0,3.0,3.0,209.0,2.3,0.0,0.0,0.0,0.0,0.0,0.0,1.0,0.0,4ba886c6,0.0,0.0,0.0,0.0,0.0,N/A
879,Wilfried Singo,DF,ci Côte d'Ivoire,25.0,1.tr Galatasaray,2000.0,2.0,2.0,171.0,1.9,0.0,1.0,1.0,0.0,0.0,0.0,0.0,0.0,8b609c34,0.53,0.53,0.0,0.0,0.53,N/A
880,Sphephelo Sithole,MF,za South Africa,27.0,1.pt Tondela,1999.0,3.0,3.0,229.0,2.5,0.0,0.0,0.0,0.0,0.0,0.0,0.0,1.0,33bcd4b3,0.0,0.0,0.0,0.0,0.0,N/A
881,Ellyes Skhiri,MF,tn Tunisia,31.0,1.de Frankfurt,1995.0,3.0,3.0,250.0,2.8,0.0,0.0,0.0,0.0,0.0,0.0,0.0,0.0,c2211709,0.0,0.0,0.0,0.0,0.0,DF
882,Alexandr Sojka,MF,cz Czechia,23.0,1.cz Viktoria Plzeň,2003.0,3.0,2.0,141.0,1.6,0.0,1.0,1.0,0.0,0.0,0.0,0.0,0.0,765b7bfc,0.64,0.64,0.0,0.0,0.64,DF
883,Ramón Sosa,FW,py Paraguay,26.0,1.br Palmeiras,1999.0,1.0,0.0,12.0,0.1,0.0,0.0,0.0,0.0,0.0,0.0,0.0,0.0,2d3417a1,0.0,0.0,0.0,0.0,0.0,MF
884,Tomáš Souček,MF,cz Czechia,31.0,1.eng West Ham,1995.0,3.0,1.0,137.0,1.5,0.0,0.0,0.0,0.0,0.0,0.0,0.0,0.0,6613c819,0.0,0.0,0.0,0.0,0.0,N/A
885,Harry Souttar,DF,au Australia,27.0,2.eng Leicester City,1998.0,4.0,4.0,390.0,4.3,0.0,0.0,0.0,0.0,0.0,0.0,1.0,0.0,0a6cb1b1,0.0,0.0,0.0,0.0,0.0,N/A
886,Djibril Sow,MF,ch Switzerland,29.0,1.es Sevilla,1997.0,4.0,2.0,253.0,2.8,0.0,0.0,0.0,0.0,0.0,0.0,0.0,0.0,4c6facae,0.0,0.0,0.0,0.0,0.0,N/A
887,Çağlar Söyüncü,DF,tr Türkiye,30.0,1.tr Fenerbahçe,1996.0,1.0,0.0,7.0,0.1,0.0,0.0,0.0,0.0,0.0,0.0,0.0,0.0,21166ff4,0.0,0.0,0.0,0.0,0.0,N/A
888,Djed Spence,DF,eng England,25.0,1.eng Tottenham,2000.0,8.0,4.0,404.0,4.5,0.0,0.0,0.0,0.0,0.0,0.0,0.0,0.0,9bc9a519,0.0,0.0,0.0,0.0,0.0,N/A
889,Marko Stamenic,MF,nz New Zealand,24.0,2.eng Swansea City,2002.0,3.0,3.0,269.0,3.0,0.0,0.0,0.0,0.0,0.0,0.0,1.0,0.0,690d1049,0.0,0.0,0.0,0.0,0.0,N/A
890,Josip Stanišić,DF,hr Croatia,26.0,1.de Bayern Munich,2000.0,4.0,4.0,360.0,4.0,0.0,1.0,1.0,0.0,0.0,0.0,0.0,0.0,7ed08d5c,0.25,0.25,0.0,0.0,0.25,MF
891,Carl Starfelt,DF,se Sweden,31.0,1.es Celta Vigo,1995.0,1.0,0.0,4.0,0.0,0.0,0.0,0.0,0.0,0.0,0.0,0.0,0.0,5cfec13d,0.0,0.0,0.0,0.0,0.0,N/A
892,Ross Stewart,FW,sct Scotland,29.0,2.eng Southampton,1996.0,1.0,0.0,2.0,0.0,0.0,0.0,0.0,0.0,0.0,0.0,0.0,0.0,18986367,0.0,0.0,0.0,0.0,0.0,N/A
893,Angelo Stiller,MF,de Germany,25.0,1.de Stuttgart,2001.0,1.0,0.0,45.0,0.5,0.0,0.0,0.0,0.0,0.0,0.0,0.0,0.0,3b1ed320,0.0,0.0,0.0,0.0,0.0,N/A
894,John Stones,DF,eng England,32.0,1.eng Manchester City,1994.0,5.0,3.0,330.0,3.7,0.0,0.0,0.0,0.0,0.0,0.0,0.0,0.0,5eecec3d,0.0,0.0,0.0,0.0,0.0,N/A
895,Jørgen Strand Larsen,FW,no Norway,26.0,1.eng Crystal Palace,2000.0,2.0,1.0,105.0,1.2,0.0,0.0,0.0,0.0,0.0,1.0,0.0,0.0,f553b2b3,0.0,0.0,0.0,0.0,0.0,N/A
896,Elliot Stroud,MF,se Sweden,23.0,1.se Mjällby,2002.0,4.0,2.0,166.0,1.8,0.0,0.0,0.0,0.0,0.0,0.0,0.0,0.0,ff11bdec,0.0,0.0,0.0,0.0,0.0,N/A
897,Luis Suárez,FW,co Colombia,28.0,1.pt Sporting CP,1997.0,5.0,3.0,331.0,3.7,0.0,1.0,1.0,0.0,0.0,0.0,1.0,0.0,eeba07f8,0.27,0.27,0.0,0.0,0.27,N/A
898,Luka Sučić,FW,hr Croatia,23.0,1.es Real Sociedad,2002.0,1.0,0.0,19.0,0.2,0.0,0.0,0.0,0.0,0.0,0.0,0.0,0.0,1e1378e1,0.0,0.0,0.0,0.0,0.0,MF
899,Petar Sučić,MF,hr Croatia,22.0,1.it Inter,2003.0,4.0,3.0,289.0,3.2,1.0,1.0,2.0,1.0,0.0,0.0,1.0,0.0,23fb46ea,0.31,0.62,0.31,0.31,0.62,FW
900,Yukinari Sugawara,MF,jp Japan,25.0,1.de Werder Bremen,2000.0,4.0,1.0,148.0,1.6,0.0,0.0,0.0,0.0,0.0,0.0,0.0,0.0,580bcd18,0.0,0.0,0.0,0.0,0.0,N/A
901,Rebin Sulaka,DF,iq Iraq,34.0,1.th Port FC,1992.0,2.0,1.0,43.0,0.5,0.0,0.0,0.0,0.0,0.0,0.0,0.0,1.0,928bec06,0.0,0.0,0.0,0.0,0.0,N/A
902,Pavel Šulc,FW,cz Czechia,25.0,1.fr Lyon,2000.0,3.0,2.0,189.0,2.1,0.0,0.0,0.0,0.0,0.0,0.0,0.0,0.0,e9b893af,0.0,0.0,0.0,0.0,0.0,N/A
903,Kamaldeen Sulemana,MF,gh Ghana,24.0,1.us Atlanta Utd,2002.0,2.0,2.0,127.0,1.4,0.0,0.0,0.0,0.0,0.0,0.0,0.0,0.0,a62f8bf1,0.0,0.0,0.0,0.0,0.0,FW
904,Crysencio Summerville,FW,nl Netherlands,24.0,1.eng West Ham,2001.0,4.0,2.0,253.0,2.8,2.0,2.0,4.0,2.0,0.0,0.0,1.0,0.0,df04eb4b,0.71,1.42,0.71,0.71,1.42,N/A
905,Ivan Šunjić,MF,ba Bosnia–Herz,29.0,1.cy Pafos FC,1996.0,4.0,3.0,196.0,2.2,0.0,0.0,0.0,0.0,0.0,0.0,0.0,0.0,e18098de,0.0,0.0,0.0,0.0,0.0,N/A
906,Finn Surman,DF,nz New Zealand,22.0,1.us Portland Timbers,2003.0,3.0,3.0,270.0,3.0,1.0,0.0,1.0,1.0,0.0,0.0,0.0,0.0,016e419b,0.0,0.33,0.33,0.33,0.33,N/A
907,Josip Šutalo,DF,hr Croatia,26.0,1.nl Ajax,2000.0,4.0,4.0,360.0,4.0,0.0,0.0,0.0,0.0,0.0,0.0,0.0,0.0,33a6a650,0.0,0.0,0.0,0.0,0.0,N/A
908,Junnosuke Suzuki,DF,jp Japan,22.0,1.dk FC Copenhagen,2003.0,2.0,0.0,43.0,0.5,0.0,0.0,0.0,0.0,0.0,0.0,1.0,0.0,77428b1e,0.0,0.0,0.0,0.0,0.0,N/A
909,Yuito Suzuki,FW,jp Japan,24.0,1.de Freiburg,2001.0,1.0,0.0,12.0,0.1,0.0,0.0,0.0,0.0,0.0,0.0,0.0,0.0,c25a7a2a,0.0,0.0,0.0,0.0,0.0,MF
910,Zion Suzuki,GK,jp Japan,23.0,1.it Parma,2002.0,4.0,4.0,360.0,4.0,0.0,0.0,0.0,0.0,0.0,0.0,0.0,0.0,51e1f4f5,0.0,0.0,0.0,0.0,0.0,N/A
911,Mattias Svanberg,MF,se Sweden,27.0,1.de Wolfsburg,1999.0,2.0,0.0,16.0,0.2,1.0,0.0,1.0,1.0,0.0,0.0,0.0,0.0,92d83c27,0.0,5.63,5.63,5.63,5.63,N/A
912,Daniel Svensson,DF,se Sweden,24.0,1.de Dortmund,2002.0,3.0,1.0,98.0,1.1,0.0,0.0,0.0,0.0,0.0,0.0,0.0,0.0,124c9382,0.0,0.0,0.0,0.0,0.0,N/A
913,Alexander Sørloth,FW,no Norway,30.0,1.es Atlético Madrid,1995.0,5.0,5.0,337.0,3.7,0.0,0.0,0.0,0.0,0.0,0.0,0.0,0.0,e92cd3f7,0.0,0.0,0.0,0.0,0.0,N/A
914,Musa Al-Taamari,FW,jo Jordan,29.0,1.fr Rennes,1997.0,3.0,2.0,215.0,2.4,1.0,1.0,2.0,1.0,0.0,0.0,0.0,0.0,f15f8b2b,0.42,0.84,0.42,0.42,0.84,N/A
915,Haris Tabaković,FW,ba Bosnia–Herz,31.0,2.de Schalke 04,1994.0,1.0,0.0,16.0,0.2,0.0,0.0,0.0,0.0,0.0,0.0,0.0,0.0,723b19c7,0.0,0.0,0.0,0.0,0.0,N/A
916,Lee Tae-seok,MF,kr Korea Republic,23.0,1.at Austria Wien,2002.0,2.0,2.0,113.0,1.3,0.0,0.0,0.0,0.0,0.0,0.0,0.0,0.0,32257cce,0.0,0.0,0.0,0.0,0.0,N/A
917,Nicolás Tagliafico,DF,ar Argentina,33.0,1.fr Lyon,1992.0,7.0,5.0,476.0,5.3,0.0,0.0,0.0,0.0,0.0,0.0,0.0,0.0,f0661424,0.0,0.0,0.0,0.0,0.0,N/A
918,Jonathan Tah,DF,de Germany,30.0,1.de Bayern Munich,1996.0,4.0,4.0,372.0,4.1,0.0,0.0,0.0,0.0,0.0,0.0,0.0,0.0,bd142efb,0.0,0.0,0.0,0.0,0.0,N/A
919,Benjamin Tahirovic,MF,ba Bosnia–Herz,23.0,1.dk Brøndby,2003.0,4.0,2.0,237.0,2.6,0.0,0.0,0.0,0.0,0.0,0.0,0.0,0.0,eb3022c3,0.0,0.0,0.0,0.0,0.0,N/A
920,Zaid Tahseen,DF,iq Iraq,25.0,1.uz Pakhtakor Tashkent FK,2001.0,2.0,2.0,149.0,1.7,0.0,0.0,0.0,0.0,0.0,0.0,1.0,0.0,f3380f7e,0.0,0.0,0.0,0.0,0.0,N/A
921,Chemsdine Talbi,MF,ma Morocco,21.0,1.eng Sunderland,2005.0,5.0,1.0,179.0,2.0,0.0,1.0,1.0,0.0,0.0,0.0,0.0,0.0,47ce793b,0.5,0.5,0.0,0.0,0.5,N/A
922,Montassar Talbi,DF,tn Tunisia,28.0,1.fr Lorient,1998.0,3.0,3.0,270.0,3.0,0.0,0.0,0.0,0.0,0.0,0.0,0.0,0.0,a4a44eb0,0.0,0.0,0.0,0.0,0.0,N/A
923,Hassan Al Tambakti,DF,sa Saudi Arabia,27.0,1.sa Al-Hilal,1999.0,3.0,3.0,212.0,2.4,0.0,0.0,0.0,0.0,0.0,0.0,0.0,0.0,6d78c320,0.0,0.0,0.0,0.0,0.0,N/A
924,Ao Tanaka,MF,jp Japan,27.0,1.eng Leeds United,1998.0,3.0,2.0,193.0,2.1,0.0,0.0,0.0,0.0,0.0,0.0,0.0,0.0,1d36d6b6,0.0,0.0,0.0,0.0,0.0,N/A
925,Shogo Taniguchi,DF,jp Japan,34.0,1.be Sint-Truiden,1991.0,3.0,2.0,232.0,2.6,0.0,0.0,0.0,0.0,0.0,0.0,1.0,0.0,828a9c47,0.0,0.0,0.0,0.0,0.0,N/A
926,Mehdi Taremi,FW,ir IR Iran,33.0,1.gr Olympiacos,1992.0,3.0,3.0,259.0,2.9,0.0,0.0,0.0,0.0,0.0,1.0,0.0,0.0,4c2a5d34,0.0,0.0,0.0,0.0,0.0,N/A
927,Aurélien Tchouaméni,MF,fr France,26.0,1.es Real Madrid,2000.0,4.0,4.0,360.0,4.0,0.0,1.0,1.0,0.0,0.0,0.0,1.0,0.0,4f255115,0.25,0.25,0.0,0.0,0.25,N/A
928,Arthur Theate,DF,be Belgium,26.0,1.de Frankfurt,2000.0,3.0,2.0,228.0,2.5,0.0,0.0,0.0,0.0,0.0,0.0,0.0,0.0,df8d6029,0.0,0.0,0.0,0.0,0.0,N/A
929,Igor Thiago,FW,br Brazil,24.0,1.eng Brentford,2001.0,1.0,1.0,61.0,0.7,0.0,0.0,0.0,0.0,0.0,0.0,0.0,0.0,dc45ac24,0.0,0.0,0.0,0.0,0.0,N/A
930,Malick Thiaw,DF,de Germany,24.0,1.eng Newcastle,2001.0,2.0,0.0,42.0,0.5,0.0,0.0,0.0,0.0,0.0,0.0,0.0,0.0,ff5ea0bf,0.0,0.0,0.0,0.0,0.0,MF
931,Ryan Thomas,MF,nz New Zealand,31.0,1.nl Zwolle,1994.0,3.0,1.0,83.0,0.9,0.0,0.0,0.0,0.0,0.0,0.0,0.0,0.0,95efdac2,0.0,0.0,0.0,0.0,0.0,N/A
932,Brandon Thomas-Asante,FW,gh Ghana,27.0,2.eng Coventry City,1998.0,2.0,0.0,53.0,0.6,0.0,0.0,0.0,0.0,0.0,0.0,0.0,0.0,fb152f96,0.0,0.0,0.0,0.0,0.0,MF
933,Morten Thorsby,MF,no Norway,30.0,1.it Cremonese,1996.0,1.0,0.0,45.0,0.5,0.0,0.0,0.0,0.0,0.0,0.0,0.0,0.0,d1b49282,0.0,0.0,0.0,0.0,0.0,N/A
934,Kristian Thorstvedt,MF,no Norway,27.0,1.it Sassuolo,1999.0,2.0,1.0,63.0,0.7,0.0,0.0,0.0,0.0,0.0,0.0,0.0,0.0,76ff8d0d,0.0,0.0,0.0,0.0,0.0,N/A
935,Marcus Thuram,FW,fr France,28.0,1.it Inter,1997.0,1.0,0.0,1.0,0.0,0.0,0.0,0.0,0.0,0.0,0.0,0.0,0.0,6f8cd6d0,0.0,0.0,0.0,0.0,0.0,MF
936,Youri Tielemans,MF,be Belgium,29.0,1.eng Aston Villa,1997.0,5.0,5.0,474.0,5.3,2.0,0.0,2.0,1.0,1.0,1.0,0.0,0.0,56f7a928,0.0,0.38,0.38,0.19,0.19,N/A
937,Kieran Tierney,MF,sct Scotland,29.0,1.sct Celtic,1997.0,2.0,1.0,104.0,1.2,0.0,0.0,0.0,0.0,0.0,0.0,0.0,0.0,fce2302c,0.0,0.0,0.0,0.0,0.0,N/A
938,Guus Til,FW,nl Netherlands,28.0,1.nl PSV,1997.0,1.0,0.0,32.0,0.4,0.0,0.0,0.0,0.0,0.0,0.0,0.0,0.0,6e44569a,0.0,0.0,0.0,0.0,0.0,MF
939,Malik Tillman,MF,us United States,24.0,1.de Leverkusen,2002.0,5.0,4.0,356.0,4.0,2.0,1.0,3.0,2.0,0.0,0.0,1.0,0.0,a5420709,0.25,0.76,0.51,0.51,0.76,N/A
940,Quinten Timber,MF,nl Netherlands,24.0,1.fr Marseille,2001.0,2.0,0.0,55.0,0.6,0.0,0.0,0.0,0.0,0.0,0.0,0.0,0.0,803e7aca,0.0,0.0,0.0,0.0,0.0,N/A
941,Takehiro Tomiyasu,DF,jp Japan,27.0,1.nl Ajax,1998.0,3.0,2.0,184.0,2.0,0.0,0.0,0.0,0.0,0.0,0.0,0.0,0.0,b3af9be1,0.0,0.0,0.0,0.0,0.0,N/A
942,Ivan Toney,FW,eng England,30.0,1.sa Al-Ahli,1996.0,2.0,1.0,79.0,0.9,0.0,0.0,0.0,0.0,0.0,0.0,0.0,0.0,e09f279b,0.0,0.0,0.0,0.0,0.0,N/A
943,Mehdi Torabi,MF,ir IR Iran,31.0,1.ir Tractor,1994.0,1.0,0.0,25.0,0.3,0.0,0.0,0.0,0.0,0.0,0.0,0.0,0.0,74567feb,0.0,0.0,0.0,0.0,0.0,N/A
944,Félix Torres Caicedo,DF,ec Ecuador,29.0,1.br Internacional,1997.0,1.0,0.0,6.0,0.1,0.0,0.0,0.0,0.0,0.0,0.0,0.0,0.0,c0a8860f,0.0,0.0,0.0,0.0,0.0,N/A
945,Ferran Torres,FW,es Spain,26.0,1.es Barcelona,2000.0,8.0,1.0,288.0,3.2,1.0,1.0,2.0,1.0,0.0,0.0,1.0,0.0,9e1035f8,0.31,0.62,0.31,0.31,0.62,N/A
946,Sebastian Tounekti,FW,tn Tunisia,23.0,1.sct Celtic,2002.0,3.0,1.0,84.0,0.9,0.0,0.0,0.0,0.0,0.0,0.0,0.0,0.0,584fee1f,0.0,0.0,0.0,0.0,0.0,N/A
947,Bazoumana Touré,MF,ci Côte d'Ivoire,20.0,1.de Hoffenheim,2006.0,3.0,1.0,80.0,0.9,0.0,0.0,0.0,0.0,0.0,0.0,0.0,0.0,93945a50,0.0,0.0,0.0,0.0,0.0,N/A
948,Mo Touré,FW,au Australia,22.0,2.eng Norwich City,2004.0,3.0,2.0,165.0,1.8,0.0,0.0,0.0,0.0,0.0,0.0,0.0,0.0,8ac64b4e,0.0,0.0,0.0,0.0,0.0,N/A
949,Kai Trewin,DF,au Australia,25.0,1.us NYCFC,2001.0,1.0,0.0,75.0,0.8,0.0,0.0,0.0,0.0,0.0,0.0,0.0,0.0,1ab3d134,0.0,0.0,0.0,0.0,0.0,MF
950,Trézéguet,MF,eg Egypt,31.0,1.eg Al Ahly,1994.0,4.0,1.0,164.0,1.8,1.0,1.0,2.0,1.0,0.0,0.0,0.0,0.0,3ae14ed1,0.55,1.1,0.55,0.55,1.1,N/A
951,Francisco Trincão,FW,pt Portugal,26.0,1.pt Sporting CP,1999.0,1.0,0.0,28.0,0.3,0.0,0.0,0.0,0.0,0.0,0.0,0.0,0.0,77e39b04,0.0,0.0,0.0,0.0,0.0,MF
952,Leandro Trossard,MF,be Belgium,31.0,1.eng Arsenal,1994.0,6.0,6.0,506.0,5.6,2.0,2.0,4.0,2.0,0.0,0.0,0.0,0.0,38ceb24a,0.36,0.71,0.36,0.36,0.71,FW
953,Auston Trusty,DF,us United States,27.0,1.sct Celtic,1998.0,2.0,1.0,101.0,1.1,1.0,0.0,1.0,1.0,0.0,0.0,0.0,0.0,cddf767b,0.0,0.89,0.89,0.89,0.89,N/A
954,Axel Tuanzebe,DF,cd Congo DR,28.0,1.eng Burnley,1997.0,4.0,4.0,360.0,4.0,0.0,0.0,0.0,0.0,0.0,0.0,0.0,0.0,2baec6ce,0.0,0.0,0.0,0.0,0.0,N/A
955,Matt Turner,GK,us United States,31.0,1.us NE Revolution,1994.0,1.0,1.0,90.0,1.0,0.0,0.0,0.0,0.0,0.0,0.0,0.0,0.0,4a51ba65,0.0,0.0,0.0,0.0,0.0,N/A
956,Ayase Ueda,FW,jp Japan,27.0,1.nl Feyenoord,1998.0,4.0,4.0,321.0,3.6,2.0,1.0,3.0,2.0,0.0,0.0,0.0,0.0,c0295327,0.28,0.84,0.56,0.56,0.84,N/A
957,Manuel Ugarte,MF,uy Uruguay,25.0,1.eng Manchester Utd,2001.0,3.0,3.0,184.0,2.0,0.0,0.0,0.0,0.0,0.0,0.0,0.0,0.0,c9817014,0.0,0.0,0.0,0.0,0.0,N/A
958,Deniz Undav,FW,de Germany,29.0,1.de Stuttgart,1996.0,4.0,1.0,151.0,1.7,3.0,2.0,5.0,3.0,0.0,0.0,0.0,0.0,dd549382,1.19,2.98,1.79,1.79,2.98,N/A
959,Dayot Upamecano,DF,fr France,27.0,1.de Bayern Munich,1998.0,8.0,7.0,660.0,7.3,0.0,1.0,1.0,0.0,0.0,0.0,0.0,0.0,d248cd8f,0.14,0.14,0.0,0.0,0.14,N/A
960,Jakhongir Urozov,DF,uz Uzbekistan,22.0,1.uz FK Dinamo Samarqand,2004.0,2.0,1.0,95.0,1.1,0.0,0.0,0.0,0.0,0.0,0.0,0.0,0.0,71210bed,0.0,0.0,0.0,0.0,0.0,N/A
961,Oston Urunov,MF,uz Uzbekistan,25.0,1.ir Persepolis,2000.0,2.0,1.0,63.0,0.7,0.0,0.0,0.0,0.0,0.0,0.0,0.0,0.0,56521adf,0.0,0.0,0.0,0.0,0.0,N/A
962,Can Uzun,MF,tr Türkiye,20.0,1.de Frankfurt,2005.0,2.0,0.0,38.0,0.4,0.0,1.0,1.0,0.0,0.0,0.0,0.0,0.0,1d0b134a,2.37,2.37,0.0,0.0,2.37,N/A
963,Enner Valencia,FW,ec Ecuador,36.0,1.mx Pachuca,1989.0,4.0,4.0,287.0,3.2,0.0,0.0,0.0,0.0,0.0,0.0,0.0,0.0,fb485406,0.0,0.0,0.0,0.0,0.0,N/A
964,Yan Valery,DF,tn Tunisia,27.0,1.ch Young Boys,1999.0,3.0,3.0,251.0,2.8,0.0,0.0,0.0,0.0,0.0,0.0,0.0,0.0,531a4aa8,0.0,0.0,0.0,0.0,0.0,N/A
965,Federico Valverde,MF,uy Uruguay,27.0,1.es Real Madrid,1998.0,3.0,3.0,236.0,2.6,0.0,0.0,0.0,0.0,0.0,0.0,0.0,0.0,0959c2a2,0.0,0.0,0.0,0.0,0.0,N/A
966,Virgil van Dijk,DF,nl Netherlands,34.0,1.eng Liverpool,1991.0,4.0,4.0,390.0,4.3,1.0,1.0,2.0,1.0,0.0,0.0,0.0,0.0,e06683ca,0.23,0.46,0.23,0.23,0.46,N/A
967,Hans Vanaken,MF,be Belgium,33.0,1.be Club Brugge,1992.0,6.0,3.0,319.0,3.5,1.0,2.0,3.0,1.0,0.0,0.0,0.0,0.0,392a7aea,0.56,0.85,0.28,0.28,0.85,N/A
968,Guillermo Varela,DF,uy Uruguay,33.0,1.br Flamengo,1993.0,3.0,3.0,270.0,3.0,0.0,0.0,0.0,0.0,0.0,0.0,1.0,0.0,5c961282,0.0,0.0,0.0,0.0,0.0,N/A
969,Hélio Varela,FW,cv Cabo Verde,24.0,1.il Maccabi Tel Aviv,2002.0,3.0,0.0,104.0,1.2,1.0,0.0,1.0,1.0,0.0,0.0,0.0,0.0,91c99fec,0.0,0.87,0.87,0.87,0.87,N/A
970,Camilo Vargas,GK,co Colombia,37.0,1.mx Atlas,1989.0,5.0,5.0,480.0,5.3,0.0,0.0,0.0,0.0,0.0,0.0,0.0,0.0,004e3d0f,0.0,0.0,0.0,0.0,0.0,N/A
971,Obed Vargas,MF,mx Mexico,20.0,1.es Atlético Madrid,2005.0,3.0,0.0,66.0,0.7,0.0,0.0,0.0,0.0,0.0,0.0,0.0,0.0,9cc1fde4,0.0,0.0,0.0,0.0,0.0,N/A
972,Ruben Vargas,MF,ch Switzerland,27.0,1.es Sevilla,1998.0,6.0,3.0,284.0,3.2,2.0,1.0,3.0,2.0,0.0,0.0,0.0,0.0,6ecbddf6,0.32,0.95,0.63,0.63,0.95,N/A
973,Nikola Vasilj,GK,ba Bosnia–Herz,30.0,1.de St Pauli,1995.0,4.0,4.0,360.0,4.0,0.0,0.0,0.0,0.0,0.0,0.0,0.0,0.0,f038585f,0.0,0.0,0.0,0.0,0.0,N/A
974,Johan Vásquez,DF,mx Mexico,27.0,1.it Genoa,1998.0,4.0,4.0,360.0,4.0,0.0,0.0,0.0,0.0,0.0,0.0,1.0,0.0,5eaed77a,0.0,0.0,0.0,0.0,0.0,N/A
975,Alexis Vega,FW,mx Mexico,28.0,1.mx Toluca,1997.0,1.0,0.0,12.0,0.1,0.0,0.0,0.0,0.0,0.0,0.0,0.0,0.0,f40f4c38,0.0,0.0,0.0,0.0,0.0,MF
976,Renato Veiga,DF,pt Portugal,22.0,1.es Villarreal,2003.0,5.0,5.0,450.0,5.0,0.0,0.0,0.0,0.0,0.0,0.0,2.0,0.0,fc8fcbd1,0.0,0.0,0.0,0.0,0.0,N/A
977,Gustavo Velásquez,DF,py Paraguay,35.0,1.py Cerro Porteño,1991.0,5.0,2.0,246.0,2.7,0.0,0.0,0.0,0.0,0.0,0.0,0.0,0.0,b99b4cf5,0.0,0.0,0.0,0.0,0.0,N/A
978,Nishan Velupillay,MF,au Australia,25.0,1.au Melb. Victory,2001.0,2.0,1.0,75.0,0.8,0.0,0.0,0.0,0.0,0.0,0.0,0.0,0.0,40cb6b33,0.0,0.0,0.0,0.0,0.0,N/A
979,Micky van de Ven,DF,nl Netherlands,25.0,1.eng Tottenham,2001.0,3.0,3.0,265.0,2.9,0.0,0.0,0.0,0.0,0.0,0.0,1.0,0.0,8fe2a392,0.0,0.0,0.0,0.0,0.0,MF
980,Bart Verbruggen,GK,nl Netherlands,23.0,1.eng Brighton,2002.0,4.0,4.0,390.0,4.3,0.0,0.0,0.0,0.0,0.0,0.0,0.0,0.0,cf134113,0.0,0.0,0.0,0.0,0.0,N/A
981,Matías Viña,DF,uy Uruguay,28.0,1.br Flamengo,1997.0,1.0,1.0,45.0,0.5,0.0,0.0,0.0,0.0,0.0,0.0,0.0,0.0,08eb3b58,0.0,0.0,0.0,0.0,0.0,N/A
982,Federico Viñas,FW,uy Uruguay,27.0,1.es Oviedo,1998.0,3.0,2.0,192.0,2.1,0.0,0.0,0.0,0.0,0.0,0.0,0.0,0.0,d30c7094,0.0,0.0,0.0,0.0,0.0,N/A
983,Denis Višinský,FW,cz Czechia,23.0,1.cz Viktoria Plzeň,2003.0,1.0,1.0,55.0,0.6,0.0,0.0,0.0,0.0,0.0,0.0,0.0,0.0,d5aac0e9,0.0,0.0,0.0,0.0,0.0,N/A
984,Pedro Vite,MF,ec Ecuador,24.0,1.mx UNAM,2002.0,4.0,4.0,360.0,4.0,0.0,1.0,1.0,0.0,0.0,0.0,0.0,0.0,9c146b36,0.25,0.25,0.0,0.0,0.25,N/A
985,Vitinha,MF,pt Portugal,26.0,1.fr PSG,2000.0,5.0,5.0,376.0,4.2,0.0,0.0,0.0,0.0,0.0,0.0,0.0,0.0,3b029691,0.0,0.0,0.0,0.0,0.0,N/A
986,Nikola Vlašić,MF,hr Croatia,28.0,1.it Torino,1997.0,3.0,2.0,189.0,2.1,1.0,0.0,1.0,1.0,0.0,0.0,0.0,0.0,aa8e289e,0.0,0.48,0.48,0.48,0.48,N/A
987,Cristian Volpato,MF,au Australia,22.0,1.it Sassuolo,2003.0,3.0,2.0,160.0,1.8,0.0,0.0,0.0,0.0,0.0,0.0,0.0,0.0,72f87f25,0.0,0.0,0.0,0.0,0.0,N/A
988,Vozinha,GK,cv Cabo Verde,40.0,2.pt Chaves,1986.0,4.0,4.0,390.0,4.3,0.0,0.0,0.0,0.0,0.0,0.0,0.0,0.0,dc04ac24,0.0,0.0,0.0,0.0,0.0,N/A
989,Francis de Vries,DF,nz New Zealand,31.0,1.au Auckland FC,1994.0,2.0,0.0,18.0,0.2,0.0,0.0,0.0,0.0,0.0,0.0,0.0,0.0,90a63dda,0.0,0.0,0.0,0.0,0.0,N/A
990,Luka Vušković,DF,hr Croatia,19.0,1.de Hamburger SV,2007.0,1.0,1.0,65.0,0.7,0.0,0.0,0.0,0.0,0.0,0.0,0.0,0.0,fd6bdbce,0.0,0.0,0.0,0.0,0.0,N/A
991,Elye Wahi,FW,ci Côte d'Ivoire,23.0,1.fr Nice,2003.0,3.0,1.0,110.0,1.2,0.0,0.0,0.0,0.0,0.0,0.0,0.0,0.0,0d7b6576,0.0,0.0,0.0,0.0,0.0,N/A
992,Aaron Wan-Bissaka,DF,cd Congo DR,28.0,1.eng West Ham,1997.0,4.0,4.0,354.0,3.9,0.0,0.0,0.0,0.0,0.0,0.0,0.0,0.0,9e525177,0.0,0.0,0.0,0.0,0.0,N/A
993,Paul Wanner,MF,at Austria,20.0,1.nl PSV,2005.0,4.0,2.0,234.0,2.6,0.0,0.0,0.0,0.0,0.0,0.0,0.0,0.0,cb64672e,0.0,0.0,0.0,0.0,0.0,N/A
994,Tsuyoshi Watanabe,DF,jp Japan,29.0,1.nl Feyenoord,1997.0,2.0,1.0,90.0,1.0,0.0,0.0,0.0,0.0,0.0,0.0,0.0,0.0,d5f5955a,0.0,0.0,0.0,0.0,0.0,N/A
995,Cecilio Waterman,FW,pa Panama,35.0,1.cl U Concepción,1991.0,2.0,1.0,76.0,0.8,0.0,0.0,0.0,0.0,0.0,0.0,0.0,0.0,ddd5637f,0.0,0.0,0.0,0.0,0.0,N/A
996,Ollie Watkins,FW,eng England,30.0,1.eng Aston Villa,1995.0,2.0,0.0,52.0,0.6,0.0,0.0,0.0,0.0,0.0,0.0,0.0,0.0,aed3a70f,0.0,0.0,0.0,0.0,0.0,MF
997,Timothy Weah,MF,us United States,26.0,1.fr Marseille,2000.0,2.0,1.0,76.0,0.8,0.0,0.0,0.0,0.0,0.0,0.0,0.0,0.0,8eec784d,0.0,0.0,0.0,0.0,0.0,N/A
998,Wout Weghorst,FW,nl Netherlands,33.0,1.nl Ajax,1992.0,1.0,0.0,50.0,0.6,0.0,0.0,0.0,0.0,0.0,0.0,0.0,0.0,c4e87b8b,0.0,0.0,0.0,0.0,0.0,N/A
999,Jacob Widell Zetterström,GK,se Sweden,27.0,2.eng Derby County,1998.0,2.0,2.0,180.0,2.0,0.0,0.0,0.0,0.0,0.0,0.0,0.0,0.0,ac5120d8,0.0,0.0,0.0,0.0,0.0,N/A
1000,Silvan Widmer,DF,ch Switzerland,33.0,1.de Mainz 05,1993.0,5.0,1.0,175.0,1.9,0.0,0.0,0.0,0.0,0.0,0.0,0.0,0.0,f68b64fc,0.0,0.0,0.0,0.0,0.0,N/A
1001,Iñaki Williams,MF,gh Ghana,31.0,1.es Athletic Club,1994.0,2.0,2.0,126.0,1.4,0.0,0.0,0.0,0.0,0.0,0.0,1.0,0.0,6a99e0b1,0.0,0.0,0.0,0.0,0.0,FW
1002,Nico Williams,MF,es Spain,23.0,1.es Athletic Club,2002.0,6.0,0.0,113.0,1.3,0.0,1.0,1.0,0.0,0.0,0.0,0.0,0.0,afdc14d7,0.8,0.8,0.0,0.0,0.8,N/A
1003,Ronwen Williams,GK,za South Africa,34.0,1.za Sundowns,1992.0,4.0,4.0,360.0,4.0,0.0,0.0,0.0,0.0,0.0,0.0,0.0,0.0,a66cc153,0.0,0.0,0.0,0.0,0.0,N/A
1004,Patrick Wimmer,FW,at Austria,25.0,1.de Wolfsburg,2001.0,2.0,0.0,21.0,0.2,0.0,0.0,0.0,0.0,0.0,0.0,0.0,0.0,cb11b429,0.0,0.0,0.0,0.0,0.0,MF
1005,Florian Wirtz,MF,de Germany,23.0,1.eng Liverpool,2003.0,4.0,4.0,361.0,4.0,0.0,3.0,3.0,0.0,0.0,0.0,0.0,0.0,e7fcf289,0.75,0.75,0.0,0.0,0.75,N/A
1006,Yoane Wissa,FW,cd Congo DR,29.0,1.eng Newcastle,1996.0,4.0,4.0,360.0,4.0,3.0,0.0,3.0,2.0,1.0,1.0,0.0,0.0,2500cef9,0.0,0.75,0.75,0.5,0.5,N/A
1007,Axel Witsel,DF,be Belgium,37.0,1.es Girona,1989.0,2.0,0.0,33.0,0.4,0.0,0.0,0.0,0.0,0.0,0.0,1.0,0.0,5dfc6ad5,0.0,0.0,0.0,0.0,0.0,MF
1008,Nick Woltemade,FW,de Germany,24.0,1.eng Newcastle,2002.0,1.0,0.0,33.0,0.4,0.0,0.0,0.0,0.0,0.0,0.0,0.0,0.0,7ca196eb,0.0,0.0,0.0,0.0,0.0,MF
1009,Chris Wood,FW,nz New Zealand,34.0,1.eng Nottingham,1991.0,3.0,3.0,270.0,3.0,0.0,2.0,2.0,0.0,0.0,0.0,0.0,0.0,4e9a0555,0.67,0.67,0.0,0.0,0.67,N/A
1010,Haji Wright,FW,us United States,28.0,2.eng Coventry City,1998.0,2.0,0.0,2.0,0.0,0.0,0.0,0.0,0.0,0.0,0.0,0.0,0.0,91cd37b7,0.0,0.0,0.0,0.0,0.0,MF
1011,Granit Xhaka,MF,ch Switzerland,33.0,1.eng Sunderland,1992.0,6.0,6.0,600.0,6.7,1.0,0.0,1.0,0.0,1.0,1.0,2.0,0.0,e61b8aee,0.0,0.15,0.15,0.0,0.0,N/A
1012,Kevin Yakob,MF,iq Iraq,25.0,1.dk AGF,2000.0,1.0,0.0,24.0,0.3,0.0,0.0,0.0,0.0,0.0,0.0,0.0,0.0,18d3b8df,0.0,0.0,0.0,0.0,0.0,N/A
1013,Lamine Yamal,MF,es Spain,18.0,1.es Barcelona,2007.0,8.0,7.0,614.0,6.8,1.0,0.0,1.0,1.0,0.0,0.0,0.0,0.0,82ec26c1,0.0,0.15,0.15,0.15,0.15,FW
1014,Yannick,MF,cv Cabo Verde,30.0,2.pt Farense,1995.0,2.0,0.0,32.0,0.4,0.0,1.0,1.0,0.0,0.0,0.0,0.0,0.0,6246aa55,2.81,2.81,0.0,0.0,2.81,N/A
1015,Gessime Yassine,MF,ma Morocco,20.0,1.fr Strasbourg,2005.0,3.0,0.0,80.0,0.9,1.0,0.0,1.0,1.0,0.0,0.0,0.0,0.0,f5ccae19,0.0,1.13,1.13,1.13,1.13,N/A
1016,John Yeboah,MF,ec Ecuador,25.0,2.it Venezia,2000.0,4.0,4.0,311.0,3.5,0.0,0.0,0.0,0.0,0.0,0.0,0.0,0.0,8dfdc6c3,0.0,0.0,0.0,0.0,0.0,N/A
1017,Tete Yengi,FW,au Australia,25.0,1.jp Machida Zelvia,2000.0,2.0,0.0,24.0,0.3,0.0,0.0,0.0,0.0,0.0,0.0,0.0,0.0,1c215c70,0.0,0.0,0.0,0.0,0.0,N/A
1018,Kenan Yıldız,MF,tr Türkiye,21.0,1.it Juventus,2005.0,3.0,2.0,218.0,2.4,0.0,0.0,0.0,0.0,0.0,0.0,0.0,0.0,d8cda243,0.0,0.0,0.0,0.0,0.0,N/A
1019,Caleb Yirenkyi,MF,gh Ghana,20.0,1.dk Nordsjælland,2006.0,4.0,3.0,264.0,2.9,1.0,0.0,1.0,1.0,0.0,0.0,2.0,0.0,d40ce7b0,0.0,0.34,0.34,0.34,0.34,N/A
1020,Seol Young-woo,MF,kr Korea Republic,27.0,1.rs Red Star,1998.0,3.0,3.0,250.0,2.8,0.0,0.0,0.0,0.0,0.0,0.0,0.0,0.0,8e577e1d,0.0,0.0,0.0,0.0,0.0,N/A
1021,Manaf Younis,DF,iq Iraq,29.0,1.iq Al-Shorta,1996.0,1.0,0.0,75.0,0.8,0.0,0.0,0.0,0.0,0.0,0.0,0.0,0.0,b798826e,0.0,0.0,0.0,0.0,0.0,N/A
1022,Aria Yousefi,MF,ir IR Iran,24.0,1.ir Sepahan,2002.0,1.0,1.0,45.0,0.5,0.0,0.0,0.0,0.0,0.0,0.0,0.0,0.0,fd069512,0.0,0.0,0.0,0.0,0.0,N/A
1023,Ali Yousif,FW,iq Iraq,30.0,1.iq Al-Talaba,1996.0,1.0,0.0,33.0,0.4,0.0,0.0,0.0,0.0,0.0,0.0,0.0,0.0,943fd50a,0.0,0.0,0.0,0.0,0.0,N/A
1024,İsmail Yüksek,MF,tr Türkiye,27.0,1.tr Fenerbahçe,1999.0,2.0,2.0,139.0,1.5,0.0,0.0,0.0,0.0,0.0,0.0,0.0,0.0,6c5af908,0.0,0.0,0.0,0.0,0.0,N/A
1025,Utkir Yusupov,GK,uz Uzbekistan,35.0,1.uz Navbahor,1991.0,1.0,1.0,90.0,1.0,0.0,0.0,0.0,0.0,0.0,0.0,0.0,0.0,31caffaf,0.0,0.0,0.0,0.0,0.0,N/A
1026,Warren Zaïre-Emery,MF,fr France,20.0,1.fr PSG,2006.0,2.0,1.0,110.0,1.2,0.0,0.0,0.0,0.0,0.0,0.0,0.0,0.0,6b9960cf,0.0,0.0,0.0,0.0,0.0,N/A
1027,Denis Zakaria,DF,ch Switzerland,29.0,1.fr Monaco,1996.0,4.0,4.0,357.0,4.0,0.0,0.0,0.0,0.0,0.0,0.0,2.0,0.0,384d58d9,0.0,0.0,0.0,0.0,0.0,N/A
1028,Jaroslav Zelený,MF,cz Czechia,33.0,1.cz Sparta Prague,1992.0,2.0,1.0,126.0,1.4,0.0,0.0,0.0,0.0,0.0,0.0,0.0,0.0,bc647827,0.0,0.0,0.0,0.0,0.0,N/A
1029,Alejandro Zendejas,FW,us United States,28.0,1.mx América,1998.0,1.0,0.0,14.0,0.2,0.0,0.0,0.0,0.0,0.0,0.0,0.0,0.0,d717b80e,0.0,0.0,0.0,0.0,0.0,MF
1030,Besfort Zeneli,MF,se Sweden,23.0,1.be Union SG,2002.0,2.0,0.0,60.0,0.7,0.0,0.0,0.0,0.0,0.0,0.0,0.0,0.0,6be253bf,0.0,0.0,0.0,0.0,0.0,N/A
1031,Ramiz Zerrouki,MF,dz Algeria,28.0,1.nl Twente,1998.0,3.0,2.0,111.0,1.2,0.0,0.0,0.0,0.0,0.0,0.0,1.0,0.0,c762b1a6,0.0,0.0,0.0,0.0,0.0,N/A
1032,Luca Zidane,GK,dz Algeria,28.0,2.es Granada,1998.0,3.0,3.0,270.0,3.0,0.0,0.0,0.0,0.0,0.0,0.0,0.0,0.0,c818c4d9,0.0,0.0,0.0,0.0,0.0,N/A
1033,Mostafa Ziko,FW,eg Egypt,29.0,1.eg Pyramids FC,1997.0,5.0,5.0,370.0,4.1,2.0,1.0,3.0,2.0,0.0,0.0,0.0,0.0,68ff8437,0.24,0.73,0.49,0.49,0.73,MF
1034,David Zima,DF,cz Czechia,25.0,1.cz Slavia Prague,2000.0,1.0,0.0,13.0,0.1,0.0,0.0,0.0,0.0,0.0,0.0,0.0,0.0,acf7e795,0.0,0.0,0.0,0.0,0.0,N/A
1035,Zizo,MF,eg Egypt,30.0,1.eg Al Ahly,1996.0,4.0,0.0,56.0,0.6,0.0,0.0,0.0,0.0,0.0,0.0,0.0,0.0,c6415ba9,0.0,0.0,0.0,0.0,0.0,N/A
1036,Martín Zubimendi,MF,es Spain,27.0,1.eng Arsenal,1999.0,1.0,0.0,22.0,0.2,0.0,0.0,0.0,0.0,0.0,0.0,0.0,0.0,3ee0dd59,0.0,0.0,0.0,0.0,0.0,N/A
1037,Themba Zwane,FW,za South Africa,36.0,1.za Sundowns,1989.0,1.0,0.0,23.0,0.3,0.0,0.0,0.0,0.0,0.0,0.0,0.0,1.0,c6f21aa8,0.0,0.0,0.0,0.0,0.0,MF
1038,Martin Ødegaard,MF,no Norway,27.0,1.eng Arsenal,1998.0,5.0,5.0,470.0,5.2,0.0,4.0,4.0,0.0,0.0,0.0,0.0,0.0,79300479,0.77,0.77,0.0,0.0,0.77,N/A
1039,Leo Østigård,DF,no Norway,26.0,1.it Genoa,1999.0,5.0,1.0,146.0,1.6,1.0,0.0,1.0,1.0,0.0,0.0,0.0,0.0,b35a7399,0.0,0.62,0.62,0.62,0.62,N/A
